#
# There is insufficient memory for the Java Runtime Environment to continue.
# Native memory allocation (malloc) failed to allocate 1169456 bytes for Chunk::new
# Possible reasons:
#   The system is out of physical RAM or swap space
#   The process is running with CompressedOops enabled, and the Java Heap may be blocking the growth of the native heap
# Possible solutions:
#   Reduce memory load on the system
#   Increase physical memory or swap space
#   Check if swap backing store is full
#   Decrease Java heap size (-Xmx/-Xms)
#   Decrease number of Java threads
#   Decrease Java thread stack sizes (-Xss)
#   Set larger code cache with -XX:ReservedCodeCacheSize=
#   JVM is running with Zero Based Compressed Oops mode in which the Java heap is
#     placed in the first 32GB address space. The Java Heap base address is the
#     maximum limit for the native heap growth. Please use -XX:HeapBaseMinAddress
#     to set the Java Heap base and to place the Java Heap above 32GB virtual address.
# This output file may be truncated or incomplete.
#
#  Out of Memory Error (arena.cpp:168), pid=22912, tid=3076
#
# JRE version: Java(TM) SE Runtime Environment (21.0.8+12) (build 21.0.8+12-LTS-250)
# Java VM: Java HotSpot(TM) 64-Bit Server VM (21.0.8+12-LTS-250, mixed mode, sharing, tiered, compressed oops, compressed class ptrs, g1 gc, windows-amd64)
# No core dump will be written. Minidumps are not enabled by default on client versions of Windows
#

---------------  S U M M A R Y ------------

Command Line: --module-path=libraries/cpw/mods/bootstraplauncher/1.1.2/bootstraplauncher-1.1.2.jar;libraries/cpw/mods/securejarhandler/2.1.10/securejarhandler-2.1.10.jar;libraries/org/ow2/asm/asm-commons/9.9.1/asm-commons-9.9.1.jar;libraries/org/ow2/asm/asm-util/9.9.1/asm-util-9.9.1.jar;libraries/org/ow2/asm/asm-analysis/9.9.1/asm-analysis-9.9.1.jar;libraries/org/ow2/asm/asm-tree/9.9.1/asm-tree-9.9.1.jar;libraries/org/ow2/asm/asm/9.9.1/asm-9.9.1.jar;libraries/net/minecraftforge/JarJarFileSystems/0.3.19/JarJarFileSystems-0.3.19.jar --add-modules=ALL-MODULE-PATH --add-opens=java.base/java.util.jar=cpw.mods.securejarhandler --add-opens=java.base/java.lang.invoke=cpw.mods.securejarhandler --add-exports=java.base/sun.security.util=cpw.mods.securejarhandler --add-exports=jdk.naming.dns/com.sun.jndi.dns=java.naming -Djava.net.preferIPv6Addresses=system -DignoreList=bootstraplauncher-1.1.2.jar,securejarhandler-2.1.10.jar,asm-commons-9.9.1.jar,asm-util-9.9.1.jar,asm-analysis-9.9.1.jar,asm-tree-9.9.1.jar,asm-9.9.1.jar,JarJarFileSystems-0.3.19.jar -DlibraryDirectory=libraries -DlegacyClassPath=libraries/cpw/mods/securejarhandler/2.1.10/securejarhandler-2.1.10.jar;libraries/org/ow2/asm/asm/9.9.1/asm-9.9.1.jar;libraries/org/ow2/asm/asm-commons/9.9.1/asm-commons-9.9.1.jar;libraries/org/ow2/asm/asm-tree/9.9.1/asm-tree-9.9.1.jar;libraries/org/ow2/asm/asm-util/9.9.1/asm-util-9.9.1.jar;libraries/org/ow2/asm/asm-analysis/9.9.1/asm-analysis-9.9.1.jar;libraries/net/minecraftforge/accesstransformers/8.0.4/accesstransformers-8.0.4.jar;libraries/org/antlr/antlr4-runtime/4.9.1/antlr4-runtime-4.9.1.jar;libraries/net/minecraftforge/eventbus/6.2.33/eventbus-6.2.33.jar;libraries/net/minecraftforge/forgespi/7.0.1/forgespi-7.0.1.jar;libraries/net/minecraftforge/coremods/5.2.4/coremods-5.2.4.jar;libraries/cpw/mods/modlauncher/10.0.9/modlauncher-10.0.9.jar;libraries/net/minecraftforge/unsafe/0.2.0/unsafe-0.2.0.jar;libraries/net/minecraftforge/mergetool/1.1.5/mergetool-1.1.5-api.jar;libraries/com/electronwill/night-config/core/3.6.4/core-3.6.4.jar;libraries/com/electronwill/night-config/toml/3.6.4/toml-3.6.4.jar;libraries/org/apache/maven/maven-artifact/3.8.5/maven-artifact-3.8.5.jar;libraries/net/jodah/typetools/0.6.3/typetools-0.6.3.jar;libraries/net/minecrell/terminalconsoleappender/1.2.0/terminalconsoleappender-1.2.0.jar;libraries/org/jline/jline-reader/3.12.1/jline-reader-3.12.1.jar;libraries/org/jline/jline-terminal/3.12.1/jline-terminal-3.12.1.jar;libraries/org/spongepowered/mixin/0.8.5/mixin-0.8.5.jar;libraries/org/openjdk/nashorn/nashorn-core/15.4/nashorn-core-15.4.jar;libraries/net/minecraftforge/JarJarSelector/0.3.19/JarJarSelector-0.3.19.jar;libraries/net/minecraftforge/JarJarMetadata/0.3.19/JarJarMetadata-0.3.19.jar;libraries/net/minecraftforge/fmlloader/1.20.1-47.4.20/fmlloader-1.20.1-47.4.20.jar;libraries/net/minecraft/server/1.20.1-20230612.114412/server-1.20.1-20230612.114412-extra.jar;libraries/com/github/oshi/oshi-core/6.2.2/oshi-core-6.2.2.jar;libraries/com/google/code/gson/gson/2.10/gson-2.10.jar;libraries/com/google/guava/failureaccess/1cpw.mods.bootstraplauncher.BootstrapLauncher --launchTarget forgeserver --fml.forgeVersion 47.4.20 --fml.mcVersion 1.20.1 --fml.forgeGroup net.minecraftforge --fml.mcpVersion 20230612.114412

Host: 12th Gen Intel(R) Core(TM) i5-12400F, 12 cores, 15G,  Windows 11 , 64 bit Build 26100 (10.0.26100.8328)
Time: Fri May  8 21:02:14 2026  Windows 11 , 64 bit Build 26100 (10.0.26100.8328) elapsed time: 56.681960 seconds (0d 0h 0m 56s)

---------------  T H R E A D  ---------------

Current thread (0x00000231201e8f10):  JavaThread "C2 CompilerThread0" daemon [_thread_in_native, id=3076, stack(0x0000004262d00000,0x0000004262e00000) (1024K)]


Current CompileTask:
C2:  56681 36942       4       net.minecraft.world.entity.LivingEntity::m_6075_ (532 bytes)

Stack: [0x0000004262d00000,0x0000004262e00000]
Native frames: (J=compiled Java code, j=interpreted, Vv=VM code, C=native code)
V  [jvm.dll+0x6cc179]
V  [jvm.dll+0x8584c1]
V  [jvm.dll+0x85a9ee]
V  [jvm.dll+0x85b0c3]
V  [jvm.dll+0x27ebf6]
V  [jvm.dll+0xc4f4d]
V  [jvm.dll+0xc5483]
V  [jvm.dll+0x3b6a82]
V  [jvm.dll+0x382a35]
V  [jvm.dll+0x381eaa]
V  [jvm.dll+0x247670]
V  [jvm.dll+0x246c4f]
V  [jvm.dll+0x1c7a3e]
V  [jvm.dll+0x256359]
V  [jvm.dll+0x2548ea]
V  [jvm.dll+0x3efef6]
V  [jvm.dll+0x80279b]
V  [jvm.dll+0x6ca85d]
C  [ucrtbase.dll+0x37b0]
C  [KERNEL32.DLL+0x2e957]
C  [ntdll.dll+0x427c]


---------------  P R O C E S S  ---------------

Threads class SMR info:
_java_thread_list=0x00000231661001a0, length=82, elements={
0x0000023120064320, 0x0000023120064f20, 0x0000023120074990, 0x0000023120074300,
0x0000023120075020, 0x00000231200735e0, 0x00000231201e8f10, 0x00000231201e9ad0,
0x00000231200756b0, 0x00000231200728c0, 0x0000023120072f50, 0x000002316ac79480,
0x000002316ac773b0, 0x000002316ac78df0, 0x000002316ac76690, 0x000002316ac76000,
0x000002316ac7a1a0, 0x000002316ac76d20, 0x000002316ac79b10, 0x000002316ac780d0,
0x000002316ac7a830, 0x000002316ac77a40, 0x000002316ac7c900, 0x000002316ac7b550,
0x000002316741ad70, 0x0000023167418ca0, 0x00000231668797c0, 0x0000023167aa5720,
0x0000023167aa4370, 0x00000231696abcb0, 0x0000023173ed5b60, 0x0000023174269570,
0x000002316d4f4d00, 0x0000023167aa4a00, 0x0000023167985a50, 0x00000231679860e0,
0x0000023173ed61f0, 0x000002316d4f4670, 0x000002316b08b1f0, 0x000002316b08d950,
0x000002316b08b880, 0x000002316a328cd0, 0x000002316a32ada0, 0x000002316a32a710,
0x000002316d4f5390, 0x0000023174269c00, 0x0000023166cfabf0, 0x00000231668776f0,
0x0000023173ed4e40, 0x0000023173ed54d0, 0x000002316dc3d850, 0x0000023166878aa0,
0x000002316dc3dee0, 0x0000023166878410, 0x0000023167c5faa0, 0x0000023167c60130,
0x000002316d71ffc0, 0x00000231696ac9d0, 0x00000231696ad060, 0x000002317360c470,
0x000002316d71f2a0, 0x0000023167a5b150, 0x00000231687fead0, 0x00000231687ff160,
0x00000231687ff7f0, 0x0000023168800ba0, 0x00000231696ac340, 0x000002317bc422a0,
0x000002317bc40ef0, 0x00000231679853c0, 0x0000023174679ce0, 0x0000023174002c60,
0x000002316d71e580, 0x0000023174003980, 0x0000023174000500, 0x0000023174000b90,
0x00000231740025d0, 0x0000023174001220, 0x000002316a05b7b0, 0x0000023166cf8490,
0x0000023167a59080, 0x0000023173839960
}

Java Threads: ( => current thread )
  0x0000023120064320 JavaThread "Reference Handler"          daemon [_thread_blocked, id=28460, stack(0x0000004262700000,0x0000004262800000) (1024K)]
  0x0000023120064f20 JavaThread "Finalizer"                  daemon [_thread_blocked, id=26924, stack(0x0000004262800000,0x0000004262900000) (1024K)]
  0x0000023120074990 JavaThread "Signal Dispatcher"          daemon [_thread_blocked, id=21372, stack(0x0000004262900000,0x0000004262a00000) (1024K)]
  0x0000023120074300 JavaThread "Attach Listener"            daemon [_thread_blocked, id=27964, stack(0x0000004262a00000,0x0000004262b00000) (1024K)]
  0x0000023120075020 JavaThread "Service Thread"             daemon [_thread_blocked, id=8788, stack(0x0000004262b00000,0x0000004262c00000) (1024K)]
  0x00000231200735e0 JavaThread "Monitor Deflation Thread"   daemon [_thread_blocked, id=28028, stack(0x0000004262c00000,0x0000004262d00000) (1024K)]
=>0x00000231201e8f10 JavaThread "C2 CompilerThread0"         daemon [_thread_in_native, id=3076, stack(0x0000004262d00000,0x0000004262e00000) (1024K)]
  0x00000231201e9ad0 JavaThread "C1 CompilerThread0"         daemon [_thread_blocked, id=25416, stack(0x0000004262e00000,0x0000004262f00000) (1024K)]
  0x00000231200756b0 JavaThread "Common-Cleaner"             daemon [_thread_blocked, id=21016, stack(0x0000004262f00000,0x0000004263000000) (1024K)]
  0x00000231200728c0 JavaThread "Notification Thread"        daemon [_thread_blocked, id=9836, stack(0x0000004263100000,0x0000004263200000) (1024K)]
  0x0000023120072f50 JavaThread "JNA Cleaner"                daemon [_thread_blocked, id=18428, stack(0x0000004263f00000,0x0000004264000000) (1024K)]
  0x000002316ac79480 JavaThread "Timer hack thread"          daemon [_thread_blocked, id=2448, stack(0x0000004264300000,0x0000004264400000) (1024K)]
  0x000002316ac773b0 JavaThread "modloading-worker-0"        daemon [_thread_blocked, id=23036, stack(0x0000004263e00000,0x0000004263f00000) (1024K)]
  0x000002316ac78df0 JavaThread "modloading-worker-0"        daemon [_thread_blocked, id=19616, stack(0x0000004264400000,0x0000004264500000) (1024K)]
  0x000002316ac76690 JavaThread "modloading-worker-0"        daemon [_thread_blocked, id=25648, stack(0x0000004264500000,0x0000004264600000) (1024K)]
  0x000002316ac76000 JavaThread "modloading-worker-0"        daemon [_thread_blocked, id=21228, stack(0x0000004264600000,0x0000004264700000) (1024K)]
  0x000002316ac7a1a0 JavaThread "modloading-worker-0"        daemon [_thread_blocked, id=22980, stack(0x0000004264700000,0x0000004264800000) (1024K)]
  0x000002316ac76d20 JavaThread "modloading-worker-0"        daemon [_thread_blocked, id=7588, stack(0x0000004264800000,0x0000004264900000) (1024K)]
  0x000002316ac79b10 JavaThread "modloading-worker-0"        daemon [_thread_blocked, id=22408, stack(0x0000004264900000,0x0000004264a00000) (1024K)]
  0x000002316ac780d0 JavaThread "modloading-worker-0"        daemon [_thread_blocked, id=27484, stack(0x0000004264a00000,0x0000004264b00000) (1024K)]
  0x000002316ac7a830 JavaThread "modloading-worker-0"        daemon [_thread_blocked, id=3012, stack(0x0000004264b00000,0x0000004264c00000) (1024K)]
  0x000002316ac77a40 JavaThread "modloading-worker-0"        daemon [_thread_blocked, id=19804, stack(0x0000004264c00000,0x0000004264d00000) (1024K)]
  0x000002316ac7c900 JavaThread "modloading-worker-0"        daemon [_thread_blocked, id=4808, stack(0x0000004264d00000,0x0000004264e00000) (1024K)]
  0x000002316ac7b550 JavaThread "modloading-worker-0"        daemon [_thread_blocked, id=6012, stack(0x0000004264e00000,0x0000004264f00000) (1024K)]
  0x000002316741ad70 JavaThread "Thread-2"                   daemon [_thread_blocked, id=26284, stack(0x0000004264f00000,0x0000004265000000) (1024K)]
  0x0000023167418ca0 JavaThread "FileSystemWatchService"     daemon [_thread_in_native, id=25216, stack(0x0000004265000000,0x0000004265100000) (1024K)]
  0x00000231668797c0 JavaThread "Yggdrasil Key Fetcher"      daemon [_thread_blocked, id=12300, stack(0x0000004263200000,0x0000004263300000) (1024K)]
  0x0000023167aa5720 JavaThread "Worker-Main-1"              daemon [_thread_blocked, id=25196, stack(0x0000004265400000,0x0000004265500000) (1024K)]
  0x0000023167aa4370 JavaThread "Worker-Main-2"              daemon [_thread_blocked, id=20748, stack(0x0000004265500000,0x0000004265600000) (1024K)]
  0x00000231696abcb0 JavaThread "Worker-Main-3"              daemon [_thread_blocked, id=22664, stack(0x0000004265600000,0x0000004265700000) (1024K)]
  0x0000023173ed5b60 JavaThread "Worker-Main-4"              daemon [_thread_blocked, id=20072, stack(0x0000004265700000,0x0000004265800000) (1024K)]
  0x0000023174269570 JavaThread "Worker-Main-5"              daemon [_thread_blocked, id=18152, stack(0x0000004265800000,0x0000004265900000) (1024K)]
  0x000002316d4f4d00 JavaThread "Worker-Main-6"              daemon [_thread_blocked, id=25688, stack(0x0000004265900000,0x0000004265a00000) (1024K)]
  0x0000023167aa4a00 JavaThread "Worker-Main-7"              daemon [_thread_blocked, id=8248, stack(0x0000004265a00000,0x0000004265b00000) (1024K)]
  0x0000023167985a50 JavaThread "Worker-Main-8"              daemon [_thread_blocked, id=20680, stack(0x0000004265b00000,0x0000004265c00000) (1024K)]
  0x00000231679860e0 JavaThread "Worker-Main-9"              daemon [_thread_blocked, id=27352, stack(0x0000004265c00000,0x0000004265d00000) (1024K)]
  0x0000023173ed61f0 JavaThread "Worker-Main-10"             daemon [_thread_blocked, id=27708, stack(0x0000004265d00000,0x0000004265e00000) (1024K)]
  0x000002316d4f4670 JavaThread "Worker-Main-11"             daemon [_thread_blocked, id=13768, stack(0x0000004265e00000,0x0000004265f00000) (1024K)]
  0x000002316b08b1f0 JavaThread "Java2D Disposer"            daemon [_thread_blocked, id=19900, stack(0x0000004265f00000,0x0000004266000000) (1024K)]
  0x000002316b08d950 JavaThread "AWT-Shutdown"                      [_thread_blocked, id=28088, stack(0x0000004266000000,0x0000004266100000) (1024K)]
  0x000002316b08b880 JavaThread "AWT-Windows"                daemon [_thread_in_native, id=26864, stack(0x0000004266100000,0x0000004266200000) (1024K)]
  0x000002316a328cd0 JavaThread "AWT-EventQueue-0"                  [_thread_blocked, id=25436, stack(0x0000004263000000,0x0000004263100000) (1024K)]
  0x000002316a32ada0 JavaThread "TimerQueue"                 daemon [_thread_blocked, id=22840, stack(0x0000004266310000,0x0000004266410000) (1024K)]
  0x000002316a32a710 JavaThread "Thread-4"                   daemon [_thread_blocked, id=17432, stack(0x0000004266410000,0x0000004266510000) (1024K)]
  0x000002316d4f5390 JavaThread "Server thread"                     [_thread_in_Java, id=24568, stack(0x0000004266510000,0x0000004266610000) (1024K)]
  0x0000023174269c00 JavaThread "Server console handler"     daemon [_thread_in_native, id=28040, stack(0x0000004266610000,0x0000004266710000) (1024K)]
  0x0000023166cfabf0 JavaThread "DestroyJavaVM"                     [_thread_blocked, id=26996, stack(0x0000004261f00000,0x0000004262000000) (1024K)]
  0x00000231668776f0 JavaThread "D3D Screen Updater"         daemon [_thread_blocked, id=2176, stack(0x0000004266710000,0x0000004266810000) (1024K)]
  0x0000023173ed4e40 JavaThread "Netty Server IO #0"         daemon [_thread_in_native, id=21664, stack(0x0000004266a80000,0x0000004266b80000) (1024K)]
  0x0000023173ed54d0 JavaThread "FileSystemWatchService"     daemon [_thread_in_native, id=3812, stack(0x0000004266b90000,0x0000004266c90000) (1024K)]
  0x000002316dc3d850 JavaThread "IO-Worker-12"                      [_thread_blocked, id=26052, stack(0x0000004266c90000,0x0000004266d90000) (1024K)]
  0x0000023166878aa0 JavaThread "IO-Worker-13"                      [_thread_in_native, id=20684, stack(0x0000004266d90000,0x0000004266e90000) (1024K)]
  0x000002316dc3dee0 JavaThread "IO-Worker-14"                      [_thread_blocked, id=7728, stack(0x0000004266e90000,0x0000004266f90000) (1024K)]
  0x0000023166878410 JavaThread "IO-Worker-15"                      [_thread_blocked, id=17732, stack(0x0000004266f90000,0x0000004267090000) (1024K)]
  0x0000023167c5faa0 JavaThread "Server Watchdog"            daemon [_thread_blocked, id=13932, stack(0x0000004265200000,0x0000004265300000) (1024K)]
  0x0000023167c60130 JavaThread "LanServerPinger #1"         daemon [_thread_blocked, id=22384, stack(0x0000004266810000,0x0000004266910000) (1024K)]
  0x000002316d71ffc0 JavaThread "BlueMap-FJP-0"              daemon [_thread_blocked, id=23296, stack(0x0000004267490000,0x0000004267590000) (1024K)]
  0x00000231696ac9d0 JavaThread "BlueMap-FJP-0"              daemon [_thread_blocked, id=2460, stack(0x0000004267590000,0x0000004267690000) (1024K)]
  0x00000231696ad060 JavaThread "BlueMap-FJP-0"              daemon [_thread_blocked, id=26244, stack(0x0000004267690000,0x0000004267790000) (1024K)]
  0x000002317360c470 JavaThread "BlueMap-FJP-0"              daemon [_thread_blocked, id=20244, stack(0x0000004267790000,0x0000004267890000) (1024K)]
  0x000002316d71f2a0 JavaThread "BlueMap-FJP-0"              daemon [_thread_blocked, id=23896, stack(0x0000004267890000,0x0000004267990000) (1024K)]
  0x0000023167a5b150 JavaThread "BlueMap-FJP-0"              daemon [_thread_blocked, id=26312, stack(0x0000004267990000,0x0000004267a90000) (1024K)]
  0x00000231687fead0 JavaThread "Thread-11"                         [_thread_in_native, id=12892, stack(0x0000004267a90000,0x0000004267b90000) (1024K)]
  0x00000231687ff160 JavaThread "BlueMap-Plugin-DaemonTimer" daemon [_thread_blocked, id=13128, stack(0x0000004267b90000,0x0000004267c90000) (1024K)]
  0x00000231687ff7f0 JavaThread "FileSystemWatchService"     daemon [_thread_in_native, id=18604, stack(0x0000004267c90000,0x0000004267d90000) (1024K)]
  0x0000023168800ba0 JavaThread "Thread-13"                         [_thread_blocked, id=6332, stack(0x0000004267d90000,0x0000004267e90000) (1024K)]
  0x00000231696ac340 JavaThread "BlueMap-RegionFileWatchService-DelayTimer" daemon [_thread_blocked, id=26024, stack(0x0000004267e90000,0x0000004267f90000) (1024K)]
  0x000002317bc422a0 JavaThread "FileSystemWatchService"     daemon [_thread_in_native, id=6992, stack(0x0000004267f90000,0x0000004268090000) (1024K)]
  0x000002317bc40ef0 JavaThread "Thread-14"                         [_thread_blocked, id=23700, stack(0x0000004268090000,0x0000004268190000) (1024K)]
  0x00000231679853c0 JavaThread "FileSystemWatchService"     daemon [_thread_in_native, id=25072, stack(0x0000004268190000,0x0000004268290000) (1024K)]
  0x0000023174679ce0 JavaThread "BlueMap-RegionFileWatchService-DelayTimer" daemon [_thread_blocked, id=17380, stack(0x0000004268290000,0x0000004268390000) (1024K)]
  0x0000023174002c60 JavaThread "Thread-16"                         [_thread_blocked, id=22904, stack(0x0000004268390000,0x0000004268490000) (1024K)]
  0x000002316d71e580 JavaThread "BlueMap-RegionFileWatchService-DelayTimer" daemon [_thread_blocked, id=28264, stack(0x0000004268490000,0x0000004268590000) (1024K)]
  0x0000023174003980 JavaThread "BlueMap-ProgressTracker-Timer-0" daemon [_thread_blocked, id=27500, stack(0x0000004268590000,0x0000004268690000) (1024K)]
  0x0000023174000500 JavaThread "RenderManager-0-0"                 [_thread_blocked, id=21976, stack(0x0000004268690000,0x0000004268790000) (1024K)]
  0x0000023174000b90 JavaThread "RenderManager-0-1"                 [_thread_in_Java, id=20704, stack(0x0000004268790000,0x0000004268890000) (1024K)]
  0x00000231740025d0 JavaThread "RenderManager-0-2"                 [_thread_in_Java, id=24224, stack(0x0000004268890000,0x0000004268990000) (1024K)]
  0x0000023174001220 JavaThread "RenderManager-0-3"                 [_thread_in_native, id=26844, stack(0x0000004268990000,0x0000004268a90000) (1024K)]
  0x000002316a05b7b0 JavaThread "CompletableFutureDelayScheduler" daemon [_thread_blocked, id=19328, stack(0x0000004267290000,0x0000004267390000) (1024K)]
  0x0000023166cf8490 JavaThread "Netty Server IO #1"         daemon [_thread_in_native, id=21544, stack(0x0000004266910000,0x0000004266a10000) (1024K)]
  0x0000023167a59080 JavaThread "Keep-Alive-Timer"           daemon [_thread_blocked, id=17356, stack(0x0000004265100000,0x0000004265200000) (1024K)]
  0x0000023173839960 JavaThread "C2 CompilerThread1"         daemon [_thread_in_vm, id=19324, stack(0x0000004267390000,0x0000004267490000) (1024K)]
Total: 82

Other Threads:
  0x00000231200427b0 VMThread "VM Thread"                           [id=20688, stack(0x0000004262600000,0x0000004262700000) (1024K)]
  0x000002312002d750 WatcherThread "VM Periodic Task Thread"        [id=28660, stack(0x0000004262500000,0x0000004262600000) (1024K)]
  0x000002317ef7c240 WorkerThread "GC Thread#0"                     [id=17724, stack(0x0000004262000000,0x0000004262100000) (1024K)]
  0x0000023120787f50 WorkerThread "GC Thread#1"                     [id=21596, stack(0x0000004263300000,0x0000004263400000) (1024K)]
  0x000002312098ef70 WorkerThread "GC Thread#2"                     [id=19440, stack(0x0000004263400000,0x0000004263500000) (1024K)]
  0x000002312098f310 WorkerThread "GC Thread#3"                     [id=26428, stack(0x0000004263500000,0x0000004263600000) (1024K)]
  0x0000023120a7a2c0 WorkerThread "GC Thread#4"                     [id=22772, stack(0x0000004263600000,0x0000004263700000) (1024K)]
  0x0000023120a7a660 WorkerThread "GC Thread#5"                     [id=27276, stack(0x0000004263700000,0x0000004263800000) (1024K)]
  0x00000231686c6ca0 WorkerThread "GC Thread#6"                     [id=26308, stack(0x0000004263800000,0x0000004263900000) (1024K)]
  0x0000023168e457b0 WorkerThread "GC Thread#7"                     [id=14040, stack(0x0000004263900000,0x0000004263a00000) (1024K)]
  0x0000023168e45410 WorkerThread "GC Thread#8"                     [id=27176, stack(0x0000004263a00000,0x0000004263b00000) (1024K)]
  0x0000023168e45b50 WorkerThread "GC Thread#9"                     [id=21160, stack(0x0000004263b00000,0x0000004263c00000) (1024K)]
  0x000002317ef8dec0 ConcurrentGCThread "G1 Main Marker"            [id=14640, stack(0x0000004262100000,0x0000004262200000) (1024K)]
  0x000002317ef8e9c0 WorkerThread "G1 Conc#0"                       [id=27068, stack(0x0000004262200000,0x0000004262300000) (1024K)]
  0x0000023168e44930 WorkerThread "G1 Conc#1"                       [id=15596, stack(0x0000004263c00000,0x0000004263d00000) (1024K)]
  0x000002316a21a0e0 WorkerThread "G1 Conc#2"                       [id=3392, stack(0x0000004263d00000,0x0000004263e00000) (1024K)]
  0x000002311ff016f0 ConcurrentGCThread "G1 Refine#0"               [id=6868, stack(0x0000004262300000,0x0000004262400000) (1024K)]
  0x000002316c65eda0 ConcurrentGCThread "G1 Refine#1"               [id=15532, stack(0x0000004267090000,0x0000004267190000) (1024K)]
  0x000002316c65e0b0 ConcurrentGCThread "G1 Refine#2"               [id=3816, stack(0x0000004267190000,0x0000004267290000) (1024K)]
  0x000002311ff02f20 ConcurrentGCThread "G1 Service"                [id=25748, stack(0x0000004262400000,0x0000004262500000) (1024K)]
Total: 20

Threads with active compile tasks:
C2 CompilerThread0    56749 36942       4       net.minecraft.world.entity.LivingEntity::m_6075_ (532 bytes)
C2 CompilerThread1    56749 36944       4       net.minecraft.server.level.ServerChunkCache::m_8490_ (531 bytes)
Total: 2

VM state: not at safepoint (normal execution)

VM Mutex/Monitor currently owned by a thread: None

Heap address: 0x0000000702800000, size: 4056 MB, Compressed Oops mode: Zero based, Oop shift amount: 3

CDS archive(s) mapped at: [0x0000023121000000-0x0000023121c90000-0x0000023121c90000), size 13172736, SharedBaseAddress: 0x0000023121000000, ArchiveRelocationMode: 1.
Compressed class space mapped at: 0x0000023122000000-0x0000023162000000, reserved size: 1073741824
Narrow klass base: 0x0000023121000000, Narrow klass shift: 0, Narrow klass range: 0x100000000

GC Precious Log:
 CardTable entry size: 512
 Card Set container configuration: InlinePtr #cards 4 size 8 Array Of Cards #cards 16 size 48 Howl #buckets 8 coarsen threshold 3686 Howl Bitmap #cards 512 size 80 coarsen threshold 460 Card regions per heap region 1 cards per card region 4096
 CPUs: 12 total, 12 available
 Memory: 16222M
 Large Page Support: Disabled
 NUMA Support: Disabled
 Compressed Oops: Enabled (Zero based)
 Heap Region Size: 2M
 Heap Min Capacity: 8M
 Heap Initial Capacity: 254M
 Heap Max Capacity: 4056M
 Pre-touch: Disabled
 Parallel Workers: 10
 Concurrent Workers: 3
 Concurrent Refinement Workers: 10
 Periodic GC: Disabled

Heap:
 garbage-first heap   total 2242560K, used 1744249K [0x0000000702800000, 0x0000000800000000)
  region size 2048K, 412 young (843776K), 35 survivors (71680K)
 Metaspace       used 171472K, committed 173632K, reserved 1245184K
  class space    used 25475K, committed 26432K, reserved 1048576K

Heap Regions: E=young(eden), S=young(survivor), O=old, HS=humongous(starts), HC=humongous(continues), CS=collection set, F=free, TAMS=top-at-mark-start, PB=parsable bottom
|   0|0x0000000702800000, 0x0000000702a00000, 0x0000000702a00000|100%|HS|  |TAMS 0x0000000702800000| PB 0x0000000702800000| Complete 
|   1|0x0000000702a00000, 0x0000000702c00000, 0x0000000702c00000|100%|HS|  |TAMS 0x0000000702a00000| PB 0x0000000702a00000| Complete 
|   2|0x0000000702c00000, 0x0000000702e00000, 0x0000000702e00000|100%| O|  |TAMS 0x0000000702c00000| PB 0x0000000702c00000| Untracked 
|   3|0x0000000702e00000, 0x0000000703000000, 0x0000000703000000|100%| O|  |TAMS 0x0000000702e00000| PB 0x0000000702e00000| Untracked 
|   4|0x0000000703000000, 0x0000000703200000, 0x0000000703200000|100%| O|  |TAMS 0x0000000703000000| PB 0x0000000703000000| Untracked 
|   5|0x0000000703200000, 0x0000000703400000, 0x0000000703400000|100%| O|  |TAMS 0x0000000703200000| PB 0x0000000703200000| Untracked 
|   6|0x0000000703400000, 0x0000000703600000, 0x0000000703600000|100%| O|  |TAMS 0x0000000703400000| PB 0x0000000703400000| Untracked 
|   7|0x0000000703600000, 0x0000000703800000, 0x0000000703800000|100%| O|  |TAMS 0x0000000703600000| PB 0x0000000703600000| Untracked 
|   8|0x0000000703800000, 0x0000000703a00000, 0x0000000703a00000|100%| O|  |TAMS 0x0000000703800000| PB 0x0000000703800000| Untracked 
|   9|0x0000000703a00000, 0x0000000703c00000, 0x0000000703c00000|100%| O|  |TAMS 0x0000000703a00000| PB 0x0000000703a00000| Untracked 
|  10|0x0000000703c00000, 0x0000000703e00000, 0x0000000703e00000|100%| O|  |TAMS 0x0000000703c00000| PB 0x0000000703c00000| Untracked 
|  11|0x0000000703e00000, 0x0000000704000000, 0x0000000704000000|100%| O|  |TAMS 0x0000000703e00000| PB 0x0000000703e00000| Untracked 
|  12|0x0000000704000000, 0x0000000704200000, 0x0000000704200000|100%| O|  |TAMS 0x0000000704000000| PB 0x0000000704000000| Untracked 
|  13|0x0000000704200000, 0x0000000704400000, 0x0000000704400000|100%| O|  |TAMS 0x0000000704200000| PB 0x0000000704200000| Untracked 
|  14|0x0000000704400000, 0x0000000704600000, 0x0000000704600000|100%|HS|  |TAMS 0x0000000704400000| PB 0x0000000704400000| Complete 
|  15|0x0000000704600000, 0x0000000704800000, 0x0000000704800000|100%|HS|  |TAMS 0x0000000704600000| PB 0x0000000704600000| Complete 
|  16|0x0000000704800000, 0x0000000704a00000, 0x0000000704a00000|100%|HC|  |TAMS 0x0000000704800000| PB 0x0000000704800000| Complete 
|  17|0x0000000704a00000, 0x0000000704c00000, 0x0000000704c00000|100%| O|  |TAMS 0x0000000704a00000| PB 0x0000000704a00000| Untracked 
|  18|0x0000000704c00000, 0x0000000704e00000, 0x0000000704e00000|100%| O|  |TAMS 0x0000000704c00000| PB 0x0000000704c00000| Untracked 
|  19|0x0000000704e00000, 0x0000000705000000, 0x0000000705000000|100%|HS|  |TAMS 0x0000000704e00000| PB 0x0000000704e00000| Complete 
|  20|0x0000000705000000, 0x0000000705200000, 0x0000000705200000|100%|HS|  |TAMS 0x0000000705000000| PB 0x0000000705000000| Complete 
|  21|0x0000000705200000, 0x0000000705400000, 0x0000000705400000|100%|HC|  |TAMS 0x0000000705200000| PB 0x0000000705200000| Complete 
|  22|0x0000000705400000, 0x0000000705600000, 0x0000000705600000|100%| O|  |TAMS 0x0000000705400000| PB 0x0000000705400000| Untracked 
|  23|0x0000000705600000, 0x0000000705800000, 0x0000000705800000|100%| O|  |TAMS 0x0000000705600000| PB 0x0000000705600000| Untracked 
|  24|0x0000000705800000, 0x0000000705a00000, 0x0000000705a00000|100%| O|  |TAMS 0x0000000705800000| PB 0x0000000705800000| Untracked 
|  25|0x0000000705a00000, 0x0000000705c00000, 0x0000000705c00000|100%| O|  |TAMS 0x0000000705a00000| PB 0x0000000705a00000| Untracked 
|  26|0x0000000705c00000, 0x0000000705e00000, 0x0000000705e00000|100%| O|  |TAMS 0x0000000705c00000| PB 0x0000000705c00000| Untracked 
|  27|0x0000000705e00000, 0x0000000706000000, 0x0000000706000000|100%| O|  |TAMS 0x0000000705e00000| PB 0x0000000705e00000| Untracked 
|  28|0x0000000706000000, 0x0000000706200000, 0x0000000706200000|100%| O|  |TAMS 0x0000000706000000| PB 0x0000000706000000| Untracked 
|  29|0x0000000706200000, 0x0000000706400000, 0x0000000706400000|100%| O|  |TAMS 0x0000000706200000| PB 0x0000000706200000| Untracked 
|  30|0x0000000706400000, 0x0000000706600000, 0x0000000706600000|100%| O|  |TAMS 0x0000000706400000| PB 0x0000000706400000| Untracked 
|  31|0x0000000706600000, 0x0000000706800000, 0x0000000706800000|100%| O|  |TAMS 0x0000000706600000| PB 0x0000000706600000| Untracked 
|  32|0x0000000706800000, 0x0000000706a00000, 0x0000000706a00000|100%| O|  |TAMS 0x0000000706800000| PB 0x0000000706800000| Untracked 
|  33|0x0000000706a00000, 0x0000000706c00000, 0x0000000706c00000|100%| O|  |TAMS 0x0000000706a00000| PB 0x0000000706a00000| Untracked 
|  34|0x0000000706c00000, 0x0000000706e00000, 0x0000000706e00000|100%| O|  |TAMS 0x0000000706c00000| PB 0x0000000706c00000| Untracked 
|  35|0x0000000706e00000, 0x0000000707000000, 0x0000000707000000|100%| O|  |TAMS 0x0000000706e00000| PB 0x0000000706e00000| Untracked 
|  36|0x0000000707000000, 0x0000000707200000, 0x0000000707200000|100%| O|  |TAMS 0x0000000707000000| PB 0x0000000707000000| Untracked 
|  37|0x0000000707200000, 0x0000000707400000, 0x0000000707400000|100%| O|  |TAMS 0x0000000707200000| PB 0x0000000707200000| Untracked 
|  38|0x0000000707400000, 0x0000000707600000, 0x0000000707600000|100%| O|  |TAMS 0x0000000707400000| PB 0x0000000707400000| Untracked 
|  39|0x0000000707600000, 0x0000000707800000, 0x0000000707800000|100%| O|  |TAMS 0x0000000707600000| PB 0x0000000707600000| Untracked 
|  40|0x0000000707800000, 0x0000000707a00000, 0x0000000707a00000|100%| O|  |TAMS 0x0000000707800000| PB 0x0000000707800000| Untracked 
|  41|0x0000000707a00000, 0x0000000707c00000, 0x0000000707c00000|100%| O|  |TAMS 0x0000000707a00000| PB 0x0000000707a00000| Untracked 
|  42|0x0000000707c00000, 0x0000000707e00000, 0x0000000707e00000|100%| O|  |TAMS 0x0000000707c00000| PB 0x0000000707c00000| Untracked 
|  43|0x0000000707e00000, 0x0000000708000000, 0x0000000708000000|100%| O|  |TAMS 0x0000000707e00000| PB 0x0000000707e00000| Untracked 
|  44|0x0000000708000000, 0x0000000708200000, 0x0000000708200000|100%| O|  |TAMS 0x0000000708000000| PB 0x0000000708000000| Untracked 
|  45|0x0000000708200000, 0x0000000708400000, 0x0000000708400000|100%| O|  |TAMS 0x0000000708200000| PB 0x0000000708200000| Untracked 
|  46|0x0000000708400000, 0x0000000708600000, 0x0000000708600000|100%| O|  |TAMS 0x0000000708400000| PB 0x0000000708400000| Untracked 
|  47|0x0000000708600000, 0x0000000708800000, 0x0000000708800000|100%| O|  |TAMS 0x0000000708600000| PB 0x0000000708600000| Untracked 
|  48|0x0000000708800000, 0x0000000708a00000, 0x0000000708a00000|100%| O|  |TAMS 0x0000000708800000| PB 0x0000000708800000| Untracked 
|  49|0x0000000708a00000, 0x0000000708c00000, 0x0000000708c00000|100%| O|  |TAMS 0x0000000708a00000| PB 0x0000000708a00000| Untracked 
|  50|0x0000000708c00000, 0x0000000708e00000, 0x0000000708e00000|100%| O|  |TAMS 0x0000000708c00000| PB 0x0000000708c00000| Untracked 
|  51|0x0000000708e00000, 0x0000000709000000, 0x0000000709000000|100%| O|  |TAMS 0x0000000708e00000| PB 0x0000000708e00000| Untracked 
|  52|0x0000000709000000, 0x0000000709200000, 0x0000000709200000|100%| O|  |TAMS 0x0000000709000000| PB 0x0000000709000000| Untracked 
|  53|0x0000000709200000, 0x0000000709400000, 0x0000000709400000|100%| O|  |TAMS 0x0000000709200000| PB 0x0000000709200000| Untracked 
|  54|0x0000000709400000, 0x0000000709600000, 0x0000000709600000|100%| O|  |TAMS 0x0000000709400000| PB 0x0000000709400000| Untracked 
|  55|0x0000000709600000, 0x0000000709800000, 0x0000000709800000|100%|HS|  |TAMS 0x0000000709600000| PB 0x0000000709600000| Complete 
|  56|0x0000000709800000, 0x0000000709a00000, 0x0000000709a00000|100%|HC|  |TAMS 0x0000000709800000| PB 0x0000000709800000| Complete 
|  57|0x0000000709a00000, 0x0000000709c00000, 0x0000000709c00000|100%|HC|  |TAMS 0x0000000709a00000| PB 0x0000000709a00000| Complete 
|  58|0x0000000709c00000, 0x0000000709e00000, 0x0000000709e00000|100%|HC|  |TAMS 0x0000000709c00000| PB 0x0000000709c00000| Complete 
|  59|0x0000000709e00000, 0x000000070a000000, 0x000000070a000000|100%|HC|  |TAMS 0x0000000709e00000| PB 0x0000000709e00000| Complete 
|  60|0x000000070a000000, 0x000000070a200000, 0x000000070a200000|100%|HC|  |TAMS 0x000000070a000000| PB 0x000000070a000000| Complete 
|  61|0x000000070a200000, 0x000000070a400000, 0x000000070a400000|100%| O|  |TAMS 0x000000070a200000| PB 0x000000070a200000| Untracked 
|  62|0x000000070a400000, 0x000000070a600000, 0x000000070a600000|100%| O|  |TAMS 0x000000070a400000| PB 0x000000070a400000| Untracked 
|  63|0x000000070a600000, 0x000000070a800000, 0x000000070a800000|100%| O|  |TAMS 0x000000070a600000| PB 0x000000070a600000| Untracked 
|  64|0x000000070a800000, 0x000000070aa00000, 0x000000070aa00000|100%| O|  |TAMS 0x000000070a800000| PB 0x000000070a800000| Untracked 
|  65|0x000000070aa00000, 0x000000070ac00000, 0x000000070ac00000|100%| O|  |TAMS 0x000000070aa00000| PB 0x000000070aa00000| Untracked 
|  66|0x000000070ac00000, 0x000000070ae00000, 0x000000070ae00000|100%| O|  |TAMS 0x000000070ac00000| PB 0x000000070ac00000| Untracked 
|  67|0x000000070ae00000, 0x000000070b000000, 0x000000070b000000|100%| O|  |TAMS 0x000000070ae00000| PB 0x000000070ae00000| Untracked 
|  68|0x000000070b000000, 0x000000070b200000, 0x000000070b200000|100%| O|  |TAMS 0x000000070b000000| PB 0x000000070b000000| Untracked 
|  69|0x000000070b200000, 0x000000070b400000, 0x000000070b400000|100%| O|  |TAMS 0x000000070b200000| PB 0x000000070b200000| Untracked 
|  70|0x000000070b400000, 0x000000070b600000, 0x000000070b600000|100%| O|  |TAMS 0x000000070b400000| PB 0x000000070b400000| Untracked 
|  71|0x000000070b600000, 0x000000070b800000, 0x000000070b800000|100%| O|  |TAMS 0x000000070b600000| PB 0x000000070b600000| Untracked 
|  72|0x000000070b800000, 0x000000070ba00000, 0x000000070ba00000|100%| O|  |TAMS 0x000000070b800000| PB 0x000000070b800000| Untracked 
|  73|0x000000070ba00000, 0x000000070bc00000, 0x000000070bc00000|100%| O|  |TAMS 0x000000070ba00000| PB 0x000000070ba00000| Untracked 
|  74|0x000000070bc00000, 0x000000070be00000, 0x000000070be00000|100%| O|  |TAMS 0x000000070bc00000| PB 0x000000070bc00000| Untracked 
|  75|0x000000070be00000, 0x000000070c000000, 0x000000070c000000|100%| O|  |TAMS 0x000000070be00000| PB 0x000000070be00000| Untracked 
|  76|0x000000070c000000, 0x000000070c200000, 0x000000070c200000|100%| O|  |TAMS 0x000000070c000000| PB 0x000000070c000000| Untracked 
|  77|0x000000070c200000, 0x000000070c400000, 0x000000070c400000|100%| O|  |TAMS 0x000000070c200000| PB 0x000000070c200000| Untracked 
|  78|0x000000070c400000, 0x000000070c600000, 0x000000070c600000|100%| O|  |TAMS 0x000000070c400000| PB 0x000000070c400000| Untracked 
|  79|0x000000070c600000, 0x000000070c800000, 0x000000070c800000|100%| O|  |TAMS 0x000000070c600000| PB 0x000000070c600000| Untracked 
|  80|0x000000070c800000, 0x000000070ca00000, 0x000000070ca00000|100%| O|  |TAMS 0x000000070c800000| PB 0x000000070c800000| Untracked 
|  81|0x000000070ca00000, 0x000000070cc00000, 0x000000070cc00000|100%| O|  |TAMS 0x000000070ca00000| PB 0x000000070ca00000| Untracked 
|  82|0x000000070cc00000, 0x000000070ce00000, 0x000000070ce00000|100%| O|  |TAMS 0x000000070cc00000| PB 0x000000070cc00000| Untracked 
|  83|0x000000070ce00000, 0x000000070d000000, 0x000000070d000000|100%| O|  |TAMS 0x000000070ce00000| PB 0x000000070ce00000| Untracked 
|  84|0x000000070d000000, 0x000000070d200000, 0x000000070d200000|100%| O|  |TAMS 0x000000070d000000| PB 0x000000070d000000| Untracked 
|  85|0x000000070d200000, 0x000000070d400000, 0x000000070d400000|100%| O|  |TAMS 0x000000070d200000| PB 0x000000070d200000| Untracked 
|  86|0x000000070d400000, 0x000000070d600000, 0x000000070d600000|100%| O|  |TAMS 0x000000070d400000| PB 0x000000070d400000| Untracked 
|  87|0x000000070d600000, 0x000000070d800000, 0x000000070d800000|100%| O|  |TAMS 0x000000070d600000| PB 0x000000070d600000| Untracked 
|  88|0x000000070d800000, 0x000000070da00000, 0x000000070da00000|100%| O|  |TAMS 0x000000070d800000| PB 0x000000070d800000| Untracked 
|  89|0x000000070da00000, 0x000000070dc00000, 0x000000070dc00000|100%| O|  |TAMS 0x000000070da00000| PB 0x000000070da00000| Untracked 
|  90|0x000000070dc00000, 0x000000070de00000, 0x000000070de00000|100%| O|  |TAMS 0x000000070dc00000| PB 0x000000070dc00000| Untracked 
|  91|0x000000070de00000, 0x000000070e000000, 0x000000070e000000|100%| O|  |TAMS 0x000000070de00000| PB 0x000000070de00000| Untracked 
|  92|0x000000070e000000, 0x000000070e200000, 0x000000070e200000|100%| O|  |TAMS 0x000000070e000000| PB 0x000000070e000000| Untracked 
|  93|0x000000070e200000, 0x000000070e400000, 0x000000070e400000|100%| O|  |TAMS 0x000000070e200000| PB 0x000000070e200000| Untracked 
|  94|0x000000070e400000, 0x000000070e600000, 0x000000070e600000|100%| O|  |TAMS 0x000000070e400000| PB 0x000000070e400000| Untracked 
|  95|0x000000070e600000, 0x000000070e800000, 0x000000070e800000|100%| O|  |TAMS 0x000000070e600000| PB 0x000000070e600000| Untracked 
|  96|0x000000070e800000, 0x000000070ea00000, 0x000000070ea00000|100%| O|  |TAMS 0x000000070e800000| PB 0x000000070e800000| Untracked 
|  97|0x000000070ea00000, 0x000000070ec00000, 0x000000070ec00000|100%| O|  |TAMS 0x000000070ea00000| PB 0x000000070ea00000| Untracked 
|  98|0x000000070ec00000, 0x000000070ee00000, 0x000000070ee00000|100%| O|  |TAMS 0x000000070ec00000| PB 0x000000070ec00000| Untracked 
|  99|0x000000070ee00000, 0x000000070f000000, 0x000000070f000000|100%| O|  |TAMS 0x000000070ee00000| PB 0x000000070ee00000| Untracked 
| 100|0x000000070f000000, 0x000000070f200000, 0x000000070f200000|100%| O|  |TAMS 0x000000070f000000| PB 0x000000070f000000| Untracked 
| 101|0x000000070f200000, 0x000000070f400000, 0x000000070f400000|100%| O|  |TAMS 0x000000070f200000| PB 0x000000070f200000| Untracked 
| 102|0x000000070f400000, 0x000000070f600000, 0x000000070f600000|100%| O|  |TAMS 0x000000070f400000| PB 0x000000070f400000| Untracked 
| 103|0x000000070f600000, 0x000000070f800000, 0x000000070f800000|100%| O|  |TAMS 0x000000070f600000| PB 0x000000070f600000| Untracked 
| 104|0x000000070f800000, 0x000000070fa00000, 0x000000070fa00000|100%| O|  |TAMS 0x000000070f800000| PB 0x000000070f800000| Untracked 
| 105|0x000000070fa00000, 0x000000070fc00000, 0x000000070fc00000|100%| O|  |TAMS 0x000000070fa00000| PB 0x000000070fa00000| Untracked 
| 106|0x000000070fc00000, 0x000000070fe00000, 0x000000070fe00000|100%| O|  |TAMS 0x000000070fc00000| PB 0x000000070fc00000| Untracked 
| 107|0x000000070fe00000, 0x0000000710000000, 0x0000000710000000|100%| O|  |TAMS 0x000000070fe00000| PB 0x000000070fe00000| Untracked 
| 108|0x0000000710000000, 0x0000000710200000, 0x0000000710200000|100%| O|  |TAMS 0x0000000710000000| PB 0x0000000710000000| Untracked 
| 109|0x0000000710200000, 0x0000000710400000, 0x0000000710400000|100%| O|  |TAMS 0x0000000710200000| PB 0x0000000710200000| Untracked 
| 110|0x0000000710400000, 0x0000000710600000, 0x0000000710600000|100%| O|  |TAMS 0x0000000710400000| PB 0x0000000710400000| Untracked 
| 111|0x0000000710600000, 0x0000000710800000, 0x0000000710800000|100%| O|  |TAMS 0x0000000710600000| PB 0x0000000710600000| Untracked 
| 112|0x0000000710800000, 0x0000000710a00000, 0x0000000710a00000|100%| O|  |TAMS 0x0000000710800000| PB 0x0000000710800000| Untracked 
| 113|0x0000000710a00000, 0x0000000710c00000, 0x0000000710c00000|100%| O|  |TAMS 0x0000000710a00000| PB 0x0000000710a00000| Untracked 
| 114|0x0000000710c00000, 0x0000000710e00000, 0x0000000710e00000|100%| O|  |TAMS 0x0000000710c00000| PB 0x0000000710c00000| Untracked 
| 115|0x0000000710e00000, 0x0000000711000000, 0x0000000711000000|100%| O|  |TAMS 0x0000000710e00000| PB 0x0000000710e00000| Untracked 
| 116|0x0000000711000000, 0x0000000711200000, 0x0000000711200000|100%| O|  |TAMS 0x0000000711000000| PB 0x0000000711000000| Untracked 
| 117|0x0000000711200000, 0x0000000711400000, 0x0000000711400000|100%| O|  |TAMS 0x0000000711200000| PB 0x0000000711200000| Untracked 
| 118|0x0000000711400000, 0x0000000711600000, 0x0000000711600000|100%| O|  |TAMS 0x0000000711400000| PB 0x0000000711400000| Untracked 
| 119|0x0000000711600000, 0x0000000711800000, 0x0000000711800000|100%| O|  |TAMS 0x0000000711600000| PB 0x0000000711600000| Untracked 
| 120|0x0000000711800000, 0x0000000711a00000, 0x0000000711a00000|100%| O|  |TAMS 0x0000000711800000| PB 0x0000000711800000| Untracked 
| 121|0x0000000711a00000, 0x0000000711c00000, 0x0000000711c00000|100%| O|  |TAMS 0x0000000711a00000| PB 0x0000000711a00000| Untracked 
| 122|0x0000000711c00000, 0x0000000711e00000, 0x0000000711e00000|100%| O|  |TAMS 0x0000000711c00000| PB 0x0000000711c00000| Untracked 
| 123|0x0000000711e00000, 0x0000000712000000, 0x0000000712000000|100%| O|  |TAMS 0x0000000711e00000| PB 0x0000000711e00000| Untracked 
| 124|0x0000000712000000, 0x0000000712200000, 0x0000000712200000|100%| O|  |TAMS 0x0000000712000000| PB 0x0000000712000000| Untracked 
| 125|0x0000000712200000, 0x0000000712400000, 0x0000000712400000|100%| O|  |TAMS 0x0000000712200000| PB 0x0000000712200000| Untracked 
| 126|0x0000000712400000, 0x0000000712600000, 0x0000000712600000|100%| O|  |TAMS 0x0000000712400000| PB 0x0000000712400000| Untracked 
| 127|0x0000000712600000, 0x0000000712800000, 0x0000000712800000|100%| O|  |TAMS 0x0000000712600000| PB 0x0000000712600000| Untracked 
| 128|0x0000000712800000, 0x0000000712a00000, 0x0000000712a00000|100%| O|  |TAMS 0x0000000712800000| PB 0x0000000712800000| Untracked 
| 129|0x0000000712a00000, 0x0000000712c00000, 0x0000000712c00000|100%| O|  |TAMS 0x0000000712a00000| PB 0x0000000712a00000| Untracked 
| 130|0x0000000712c00000, 0x0000000712e00000, 0x0000000712e00000|100%| O|  |TAMS 0x0000000712c00000| PB 0x0000000712c00000| Untracked 
| 131|0x0000000712e00000, 0x0000000713000000, 0x0000000713000000|100%| O|  |TAMS 0x0000000712e00000| PB 0x0000000712e00000| Untracked 
| 132|0x0000000713000000, 0x0000000713200000, 0x0000000713200000|100%| O|  |TAMS 0x0000000713000000| PB 0x0000000713000000| Untracked 
| 133|0x0000000713200000, 0x0000000713400000, 0x0000000713400000|100%| O|  |TAMS 0x0000000713200000| PB 0x0000000713200000| Untracked 
| 134|0x0000000713400000, 0x0000000713600000, 0x0000000713600000|100%| O|  |TAMS 0x0000000713400000| PB 0x0000000713400000| Untracked 
| 135|0x0000000713600000, 0x0000000713800000, 0x0000000713800000|100%| O|  |TAMS 0x0000000713600000| PB 0x0000000713600000| Untracked 
| 136|0x0000000713800000, 0x0000000713a00000, 0x0000000713a00000|100%| O|  |TAMS 0x0000000713800000| PB 0x0000000713800000| Untracked 
| 137|0x0000000713a00000, 0x0000000713c00000, 0x0000000713c00000|100%| O|  |TAMS 0x0000000713a00000| PB 0x0000000713a00000| Untracked 
| 138|0x0000000713c00000, 0x0000000713e00000, 0x0000000713e00000|100%| O|  |TAMS 0x0000000713c00000| PB 0x0000000713c00000| Untracked 
| 139|0x0000000713e00000, 0x0000000714000000, 0x0000000714000000|100%| O|  |TAMS 0x0000000713e00000| PB 0x0000000713e00000| Untracked 
| 140|0x0000000714000000, 0x0000000714200000, 0x0000000714200000|100%| O|  |TAMS 0x0000000714000000| PB 0x0000000714000000| Untracked 
| 141|0x0000000714200000, 0x0000000714400000, 0x0000000714400000|100%| O|  |TAMS 0x0000000714200000| PB 0x0000000714200000| Untracked 
| 142|0x0000000714400000, 0x0000000714600000, 0x0000000714600000|100%| O|  |TAMS 0x0000000714400000| PB 0x0000000714400000| Untracked 
| 143|0x0000000714600000, 0x0000000714800000, 0x0000000714800000|100%| O|  |TAMS 0x0000000714600000| PB 0x0000000714600000| Untracked 
| 144|0x0000000714800000, 0x0000000714a00000, 0x0000000714a00000|100%| O|  |TAMS 0x0000000714800000| PB 0x0000000714800000| Untracked 
| 145|0x0000000714a00000, 0x0000000714c00000, 0x0000000714c00000|100%| O|  |TAMS 0x0000000714a00000| PB 0x0000000714a00000| Untracked 
| 146|0x0000000714c00000, 0x0000000714e00000, 0x0000000714e00000|100%| O|  |TAMS 0x0000000714c00000| PB 0x0000000714c00000| Untracked 
| 147|0x0000000714e00000, 0x0000000715000000, 0x0000000715000000|100%| O|  |TAMS 0x0000000714e00000| PB 0x0000000714e00000| Untracked 
| 148|0x0000000715000000, 0x0000000715200000, 0x0000000715200000|100%| O|  |TAMS 0x0000000715000000| PB 0x0000000715000000| Untracked 
| 149|0x0000000715200000, 0x0000000715400000, 0x0000000715400000|100%| O|  |TAMS 0x0000000715200000| PB 0x0000000715200000| Untracked 
| 150|0x0000000715400000, 0x0000000715400000, 0x0000000715600000|  0%| F|  |TAMS 0x0000000715400000| PB 0x0000000715400000| Untracked 
| 151|0x0000000715600000, 0x0000000715800000, 0x0000000715800000|100%| O|  |TAMS 0x0000000715600000| PB 0x0000000715600000| Untracked 
| 152|0x0000000715800000, 0x0000000715a00000, 0x0000000715a00000|100%| O|  |TAMS 0x0000000715800000| PB 0x0000000715800000| Untracked 
| 153|0x0000000715a00000, 0x0000000715c00000, 0x0000000715c00000|100%| O|  |TAMS 0x0000000715a00000| PB 0x0000000715a00000| Untracked 
| 154|0x0000000715c00000, 0x0000000715e00000, 0x0000000715e00000|100%| O|  |TAMS 0x0000000715c00000| PB 0x0000000715c00000| Untracked 
| 155|0x0000000715e00000, 0x0000000716000000, 0x0000000716000000|100%| O|  |TAMS 0x0000000715e00000| PB 0x0000000715e00000| Untracked 
| 156|0x0000000716000000, 0x0000000716200000, 0x0000000716200000|100%| O|  |TAMS 0x0000000716000000| PB 0x0000000716000000| Untracked 
| 157|0x0000000716200000, 0x0000000716200000, 0x0000000716400000|  0%| F|  |TAMS 0x0000000716200000| PB 0x0000000716200000| Untracked 
| 158|0x0000000716400000, 0x0000000716600000, 0x0000000716600000|100%| O|  |TAMS 0x0000000716400000| PB 0x0000000716400000| Untracked 
| 159|0x0000000716600000, 0x0000000716800000, 0x0000000716800000|100%| O|  |TAMS 0x0000000716600000| PB 0x0000000716600000| Untracked 
| 160|0x0000000716800000, 0x0000000716a00000, 0x0000000716a00000|100%| O|  |TAMS 0x0000000716800000| PB 0x0000000716800000| Untracked 
| 161|0x0000000716a00000, 0x0000000716c00000, 0x0000000716c00000|100%| O|  |TAMS 0x0000000716a00000| PB 0x0000000716a00000| Untracked 
| 162|0x0000000716c00000, 0x0000000716e00000, 0x0000000716e00000|100%| O|  |TAMS 0x0000000716c00000| PB 0x0000000716c00000| Untracked 
| 163|0x0000000716e00000, 0x0000000717000000, 0x0000000717000000|100%| O|  |TAMS 0x0000000716e00000| PB 0x0000000716e00000| Untracked 
| 164|0x0000000717000000, 0x0000000717200000, 0x0000000717200000|100%| O|  |TAMS 0x0000000717000000| PB 0x0000000717000000| Untracked 
| 165|0x0000000717200000, 0x0000000717400000, 0x0000000717400000|100%| O|  |TAMS 0x0000000717200000| PB 0x0000000717200000| Untracked 
| 166|0x0000000717400000, 0x0000000717600000, 0x0000000717600000|100%| O|  |TAMS 0x0000000717400000| PB 0x0000000717400000| Untracked 
| 167|0x0000000717600000, 0x0000000717800000, 0x0000000717800000|100%| O|  |TAMS 0x0000000717600000| PB 0x0000000717600000| Untracked 
| 168|0x0000000717800000, 0x0000000717a00000, 0x0000000717a00000|100%| O|  |TAMS 0x0000000717800000| PB 0x0000000717800000| Untracked 
| 169|0x0000000717a00000, 0x0000000717c00000, 0x0000000717c00000|100%| O|  |TAMS 0x0000000717a00000| PB 0x0000000717a00000| Untracked 
| 170|0x0000000717c00000, 0x0000000717e00000, 0x0000000717e00000|100%| O|  |TAMS 0x0000000717c00000| PB 0x0000000717c00000| Untracked 
| 171|0x0000000717e00000, 0x0000000718000000, 0x0000000718000000|100%| O|  |TAMS 0x0000000717e00000| PB 0x0000000717e00000| Untracked 
| 172|0x0000000718000000, 0x0000000718200000, 0x0000000718200000|100%| O|  |TAMS 0x0000000718000000| PB 0x0000000718000000| Untracked 
| 173|0x0000000718200000, 0x0000000718400000, 0x0000000718400000|100%| O|  |TAMS 0x0000000718200000| PB 0x0000000718200000| Untracked 
| 174|0x0000000718400000, 0x0000000718600000, 0x0000000718600000|100%| O|  |TAMS 0x0000000718400000| PB 0x0000000718400000| Untracked 
| 175|0x0000000718600000, 0x0000000718800000, 0x0000000718800000|100%| O|  |TAMS 0x0000000718600000| PB 0x0000000718600000| Untracked 
| 176|0x0000000718800000, 0x0000000718a00000, 0x0000000718a00000|100%| O|  |TAMS 0x0000000718800000| PB 0x0000000718800000| Untracked 
| 177|0x0000000718a00000, 0x0000000718c00000, 0x0000000718c00000|100%| O|  |TAMS 0x0000000718a00000| PB 0x0000000718a00000| Untracked 
| 178|0x0000000718c00000, 0x0000000718e00000, 0x0000000718e00000|100%| O|  |TAMS 0x0000000718c00000| PB 0x0000000718c00000| Untracked 
| 179|0x0000000718e00000, 0x0000000719000000, 0x0000000719000000|100%| O|  |TAMS 0x0000000718e00000| PB 0x0000000718e00000| Untracked 
| 180|0x0000000719000000, 0x0000000719200000, 0x0000000719200000|100%| O|  |TAMS 0x0000000719000000| PB 0x0000000719000000| Untracked 
| 181|0x0000000719200000, 0x0000000719400000, 0x0000000719400000|100%| O|  |TAMS 0x0000000719200000| PB 0x0000000719200000| Untracked 
| 182|0x0000000719400000, 0x0000000719600000, 0x0000000719600000|100%| O|  |TAMS 0x0000000719400000| PB 0x0000000719400000| Untracked 
| 183|0x0000000719600000, 0x0000000719800000, 0x0000000719800000|100%| O|  |TAMS 0x0000000719600000| PB 0x0000000719600000| Untracked 
| 184|0x0000000719800000, 0x0000000719a00000, 0x0000000719a00000|100%| O|  |TAMS 0x0000000719800000| PB 0x0000000719800000| Untracked 
| 185|0x0000000719a00000, 0x0000000719c00000, 0x0000000719c00000|100%| O|  |TAMS 0x0000000719a00000| PB 0x0000000719a00000| Untracked 
| 186|0x0000000719c00000, 0x0000000719e00000, 0x0000000719e00000|100%| O|  |TAMS 0x0000000719c00000| PB 0x0000000719c00000| Untracked 
| 187|0x0000000719e00000, 0x000000071a000000, 0x000000071a000000|100%| O|  |TAMS 0x0000000719e00000| PB 0x0000000719e00000| Untracked 
| 188|0x000000071a000000, 0x000000071a200000, 0x000000071a200000|100%| O|  |TAMS 0x000000071a000000| PB 0x000000071a000000| Untracked 
| 189|0x000000071a200000, 0x000000071a400000, 0x000000071a400000|100%| O|  |TAMS 0x000000071a200000| PB 0x000000071a200000| Untracked 
| 190|0x000000071a400000, 0x000000071a600000, 0x000000071a600000|100%| O|  |TAMS 0x000000071a400000| PB 0x000000071a400000| Untracked 
| 191|0x000000071a600000, 0x000000071a800000, 0x000000071a800000|100%| O|  |TAMS 0x000000071a600000| PB 0x000000071a600000| Untracked 
| 192|0x000000071a800000, 0x000000071aa00000, 0x000000071aa00000|100%| O|  |TAMS 0x000000071a800000| PB 0x000000071a800000| Untracked 
| 193|0x000000071aa00000, 0x000000071ac00000, 0x000000071ac00000|100%| O|  |TAMS 0x000000071aa00000| PB 0x000000071aa00000| Untracked 
| 194|0x000000071ac00000, 0x000000071ae00000, 0x000000071ae00000|100%| O|  |TAMS 0x000000071ac00000| PB 0x000000071ac00000| Untracked 
| 195|0x000000071ae00000, 0x000000071b000000, 0x000000071b000000|100%| O|  |TAMS 0x000000071ae00000| PB 0x000000071ae00000| Untracked 
| 196|0x000000071b000000, 0x000000071b200000, 0x000000071b200000|100%| O|  |TAMS 0x000000071b000000| PB 0x000000071b000000| Untracked 
| 197|0x000000071b200000, 0x000000071b400000, 0x000000071b400000|100%| O|  |TAMS 0x000000071b200000| PB 0x000000071b200000| Untracked 
| 198|0x000000071b400000, 0x000000071b600000, 0x000000071b600000|100%| O|  |TAMS 0x000000071b400000| PB 0x000000071b400000| Untracked 
| 199|0x000000071b600000, 0x000000071b800000, 0x000000071b800000|100%| O|  |TAMS 0x000000071b600000| PB 0x000000071b600000| Untracked 
| 200|0x000000071b800000, 0x000000071ba00000, 0x000000071ba00000|100%| O|  |TAMS 0x000000071b800000| PB 0x000000071b800000| Untracked 
| 201|0x000000071ba00000, 0x000000071bc00000, 0x000000071bc00000|100%| O|  |TAMS 0x000000071ba00000| PB 0x000000071ba00000| Untracked 
| 202|0x000000071bc00000, 0x000000071be00000, 0x000000071be00000|100%| O|  |TAMS 0x000000071bc00000| PB 0x000000071bc00000| Untracked 
| 203|0x000000071be00000, 0x000000071c000000, 0x000000071c000000|100%| O|  |TAMS 0x000000071be00000| PB 0x000000071be00000| Untracked 
| 204|0x000000071c000000, 0x000000071c200000, 0x000000071c200000|100%| O|  |TAMS 0x000000071c000000| PB 0x000000071c000000| Untracked 
| 205|0x000000071c200000, 0x000000071c400000, 0x000000071c400000|100%| O|  |TAMS 0x000000071c200000| PB 0x000000071c200000| Untracked 
| 206|0x000000071c400000, 0x000000071c600000, 0x000000071c600000|100%| O|  |TAMS 0x000000071c400000| PB 0x000000071c400000| Untracked 
| 207|0x000000071c600000, 0x000000071c800000, 0x000000071c800000|100%| O|  |TAMS 0x000000071c600000| PB 0x000000071c600000| Untracked 
| 208|0x000000071c800000, 0x000000071ca00000, 0x000000071ca00000|100%| O|  |TAMS 0x000000071c800000| PB 0x000000071c800000| Untracked 
| 209|0x000000071ca00000, 0x000000071cc00000, 0x000000071cc00000|100%| O|  |TAMS 0x000000071ca00000| PB 0x000000071ca00000| Untracked 
| 210|0x000000071cc00000, 0x000000071ce00000, 0x000000071ce00000|100%| O|  |TAMS 0x000000071cc00000| PB 0x000000071cc00000| Untracked 
| 211|0x000000071ce00000, 0x000000071d000000, 0x000000071d000000|100%| O|  |TAMS 0x000000071ce00000| PB 0x000000071ce00000| Untracked 
| 212|0x000000071d000000, 0x000000071d200000, 0x000000071d200000|100%| O|  |TAMS 0x000000071d000000| PB 0x000000071d000000| Untracked 
| 213|0x000000071d200000, 0x000000071d200000, 0x000000071d400000|  0%| F|  |TAMS 0x000000071d200000| PB 0x000000071d200000| Untracked 
| 214|0x000000071d400000, 0x000000071d600000, 0x000000071d600000|100%| O|  |TAMS 0x000000071d400000| PB 0x000000071d400000| Untracked 
| 215|0x000000071d600000, 0x000000071d800000, 0x000000071d800000|100%| O|  |TAMS 0x000000071d600000| PB 0x000000071d600000| Untracked 
| 216|0x000000071d800000, 0x000000071da00000, 0x000000071da00000|100%| O|  |TAMS 0x000000071d800000| PB 0x000000071d800000| Untracked 
| 217|0x000000071da00000, 0x000000071dc00000, 0x000000071dc00000|100%| O|  |TAMS 0x000000071da00000| PB 0x000000071da00000| Untracked 
| 218|0x000000071dc00000, 0x000000071de00000, 0x000000071de00000|100%| O|  |TAMS 0x000000071dc00000| PB 0x000000071dc00000| Untracked 
| 219|0x000000071de00000, 0x000000071e000000, 0x000000071e000000|100%| O|  |TAMS 0x000000071de00000| PB 0x000000071de00000| Untracked 
| 220|0x000000071e000000, 0x000000071e200000, 0x000000071e200000|100%| O|  |TAMS 0x000000071e000000| PB 0x000000071e000000| Untracked 
| 221|0x000000071e200000, 0x000000071e400000, 0x000000071e400000|100%| O|  |TAMS 0x000000071e200000| PB 0x000000071e200000| Untracked 
| 222|0x000000071e400000, 0x000000071e600000, 0x000000071e600000|100%| O|  |TAMS 0x000000071e400000| PB 0x000000071e400000| Untracked 
| 223|0x000000071e600000, 0x000000071e800000, 0x000000071e800000|100%| O|  |TAMS 0x000000071e600000| PB 0x000000071e600000| Untracked 
| 224|0x000000071e800000, 0x000000071ea00000, 0x000000071ea00000|100%| O|  |TAMS 0x000000071e800000| PB 0x000000071e800000| Untracked 
| 225|0x000000071ea00000, 0x000000071ec00000, 0x000000071ec00000|100%| O|  |TAMS 0x000000071ea00000| PB 0x000000071ea00000| Untracked 
| 226|0x000000071ec00000, 0x000000071ee00000, 0x000000071ee00000|100%| O|  |TAMS 0x000000071ec00000| PB 0x000000071ec00000| Untracked 
| 227|0x000000071ee00000, 0x000000071f000000, 0x000000071f000000|100%| O|  |TAMS 0x000000071ee00000| PB 0x000000071ee00000| Untracked 
| 228|0x000000071f000000, 0x000000071f200000, 0x000000071f200000|100%| O|  |TAMS 0x000000071f000000| PB 0x000000071f000000| Untracked 
| 229|0x000000071f200000, 0x000000071f400000, 0x000000071f400000|100%| O|  |TAMS 0x000000071f200000| PB 0x000000071f200000| Untracked 
| 230|0x000000071f400000, 0x000000071f600000, 0x000000071f600000|100%| O|  |TAMS 0x000000071f400000| PB 0x000000071f400000| Untracked 
| 231|0x000000071f600000, 0x000000071f800000, 0x000000071f800000|100%| O|  |TAMS 0x000000071f600000| PB 0x000000071f600000| Untracked 
| 232|0x000000071f800000, 0x000000071fa00000, 0x000000071fa00000|100%| O|  |TAMS 0x000000071f800000| PB 0x000000071f800000| Untracked 
| 233|0x000000071fa00000, 0x000000071fc00000, 0x000000071fc00000|100%| O|  |TAMS 0x000000071fa00000| PB 0x000000071fa00000| Untracked 
| 234|0x000000071fc00000, 0x000000071fe00000, 0x000000071fe00000|100%| O|  |TAMS 0x000000071fc00000| PB 0x000000071fc00000| Untracked 
| 235|0x000000071fe00000, 0x0000000720000000, 0x0000000720000000|100%| O|  |TAMS 0x000000071fe00000| PB 0x000000071fe00000| Untracked 
| 236|0x0000000720000000, 0x0000000720000000, 0x0000000720200000|  0%| F|  |TAMS 0x0000000720000000| PB 0x0000000720000000| Untracked 
| 237|0x0000000720200000, 0x0000000720400000, 0x0000000720400000|100%| O|  |TAMS 0x0000000720200000| PB 0x0000000720200000| Untracked 
| 238|0x0000000720400000, 0x0000000720600000, 0x0000000720600000|100%|HS|  |TAMS 0x0000000720400000| PB 0x0000000720400000| Complete 
| 239|0x0000000720600000, 0x0000000720800000, 0x0000000720800000|100%|HS|  |TAMS 0x0000000720600000| PB 0x0000000720600000| Complete 
| 240|0x0000000720800000, 0x0000000720a00000, 0x0000000720a00000|100%| O|  |TAMS 0x0000000720800000| PB 0x0000000720800000| Untracked 
| 241|0x0000000720a00000, 0x0000000720c00000, 0x0000000720c00000|100%| O|  |TAMS 0x0000000720a00000| PB 0x0000000720a00000| Untracked 
| 242|0x0000000720c00000, 0x0000000720e00000, 0x0000000720e00000|100%| O|  |TAMS 0x0000000720c00000| PB 0x0000000720c00000| Untracked 
| 243|0x0000000720e00000, 0x0000000721000000, 0x0000000721000000|100%| O|  |TAMS 0x0000000720e00000| PB 0x0000000720e00000| Untracked 
| 244|0x0000000721000000, 0x0000000721200000, 0x0000000721200000|100%| O|  |TAMS 0x0000000721000000| PB 0x0000000721000000| Untracked 
| 245|0x0000000721200000, 0x0000000721400000, 0x0000000721400000|100%| O|  |TAMS 0x0000000721200000| PB 0x0000000721200000| Untracked 
| 246|0x0000000721400000, 0x0000000721600000, 0x0000000721600000|100%| O|  |TAMS 0x0000000721400000| PB 0x0000000721400000| Untracked 
| 247|0x0000000721600000, 0x0000000721800000, 0x0000000721800000|100%| O|  |TAMS 0x0000000721600000| PB 0x0000000721600000| Untracked 
| 248|0x0000000721800000, 0x0000000721a00000, 0x0000000721a00000|100%| O|  |TAMS 0x0000000721800000| PB 0x0000000721800000| Untracked 
| 249|0x0000000721a00000, 0x0000000721c00000, 0x0000000721c00000|100%| O|  |TAMS 0x0000000721a00000| PB 0x0000000721a00000| Untracked 
| 250|0x0000000721c00000, 0x0000000721e00000, 0x0000000721e00000|100%| O|  |TAMS 0x0000000721c00000| PB 0x0000000721c00000| Untracked 
| 251|0x0000000721e00000, 0x0000000722000000, 0x0000000722000000|100%| O|  |TAMS 0x0000000721e00000| PB 0x0000000721e00000| Untracked 
| 252|0x0000000722000000, 0x0000000722200000, 0x0000000722200000|100%| O|  |TAMS 0x0000000722000000| PB 0x0000000722000000| Untracked 
| 253|0x0000000722200000, 0x0000000722400000, 0x0000000722400000|100%| O|  |TAMS 0x0000000722200000| PB 0x0000000722200000| Untracked 
| 254|0x0000000722400000, 0x0000000722600000, 0x0000000722600000|100%| O|  |TAMS 0x0000000722400000| PB 0x0000000722400000| Untracked 
| 255|0x0000000722600000, 0x0000000722800000, 0x0000000722800000|100%| O|  |TAMS 0x0000000722600000| PB 0x0000000722600000| Untracked 
| 256|0x0000000722800000, 0x0000000722a00000, 0x0000000722a00000|100%| O|  |TAMS 0x0000000722800000| PB 0x0000000722800000| Untracked 
| 257|0x0000000722a00000, 0x0000000722c00000, 0x0000000722c00000|100%| O|  |TAMS 0x0000000722a00000| PB 0x0000000722a00000| Untracked 
| 258|0x0000000722c00000, 0x0000000722e00000, 0x0000000722e00000|100%| O|  |TAMS 0x0000000722c00000| PB 0x0000000722c00000| Untracked 
| 259|0x0000000722e00000, 0x0000000723000000, 0x0000000723000000|100%| O|  |TAMS 0x0000000722e00000| PB 0x0000000722e00000| Untracked 
| 260|0x0000000723000000, 0x0000000723200000, 0x0000000723200000|100%| O|  |TAMS 0x0000000723000000| PB 0x0000000723000000| Untracked 
| 261|0x0000000723200000, 0x0000000723400000, 0x0000000723400000|100%| O|  |TAMS 0x0000000723200000| PB 0x0000000723200000| Untracked 
| 262|0x0000000723400000, 0x0000000723600000, 0x0000000723600000|100%| O|  |TAMS 0x0000000723400000| PB 0x0000000723400000| Untracked 
| 263|0x0000000723600000, 0x0000000723800000, 0x0000000723800000|100%| O|  |TAMS 0x0000000723600000| PB 0x0000000723600000| Untracked 
| 264|0x0000000723800000, 0x0000000723a00000, 0x0000000723a00000|100%| O|  |TAMS 0x0000000723800000| PB 0x0000000723800000| Untracked 
| 265|0x0000000723a00000, 0x0000000723c00000, 0x0000000723c00000|100%| O|  |TAMS 0x0000000723a00000| PB 0x0000000723a00000| Untracked 
| 266|0x0000000723c00000, 0x0000000723e00000, 0x0000000723e00000|100%| O|  |TAMS 0x0000000723c00000| PB 0x0000000723c00000| Untracked 
| 267|0x0000000723e00000, 0x0000000724000000, 0x0000000724000000|100%| O|  |TAMS 0x0000000723e00000| PB 0x0000000723e00000| Untracked 
| 268|0x0000000724000000, 0x0000000724200000, 0x0000000724200000|100%| O|  |TAMS 0x0000000724000000| PB 0x0000000724000000| Untracked 
| 269|0x0000000724200000, 0x0000000724400000, 0x0000000724400000|100%| O|  |TAMS 0x0000000724200000| PB 0x0000000724200000| Untracked 
| 270|0x0000000724400000, 0x0000000724600000, 0x0000000724600000|100%| O|  |TAMS 0x0000000724400000| PB 0x0000000724400000| Untracked 
| 271|0x0000000724600000, 0x0000000724800000, 0x0000000724800000|100%| O|  |TAMS 0x0000000724600000| PB 0x0000000724600000| Untracked 
| 272|0x0000000724800000, 0x0000000724800000, 0x0000000724a00000|  0%| F|  |TAMS 0x0000000724800000| PB 0x0000000724800000| Untracked 
| 273|0x0000000724a00000, 0x0000000724c00000, 0x0000000724c00000|100%| O|  |TAMS 0x0000000724a00000| PB 0x0000000724a00000| Untracked 
| 274|0x0000000724c00000, 0x0000000724e00000, 0x0000000724e00000|100%| O|  |TAMS 0x0000000724c00000| PB 0x0000000724c00000| Untracked 
| 275|0x0000000724e00000, 0x0000000725000000, 0x0000000725000000|100%| O|  |TAMS 0x0000000724e00000| PB 0x0000000724e00000| Untracked 
| 276|0x0000000725000000, 0x0000000725200000, 0x0000000725200000|100%| O|  |TAMS 0x0000000725000000| PB 0x0000000725000000| Untracked 
| 277|0x0000000725200000, 0x0000000725400000, 0x0000000725400000|100%| O|  |TAMS 0x0000000725200000| PB 0x0000000725200000| Untracked 
| 278|0x0000000725400000, 0x0000000725600000, 0x0000000725600000|100%| O|  |TAMS 0x0000000725400000| PB 0x0000000725400000| Untracked 
| 279|0x0000000725600000, 0x0000000725800000, 0x0000000725800000|100%| O|  |TAMS 0x0000000725600000| PB 0x0000000725600000| Untracked 
| 280|0x0000000725800000, 0x0000000725a00000, 0x0000000725a00000|100%| O|  |TAMS 0x0000000725800000| PB 0x0000000725800000| Untracked 
| 281|0x0000000725a00000, 0x0000000725c00000, 0x0000000725c00000|100%| O|  |TAMS 0x0000000725a00000| PB 0x0000000725a00000| Untracked 
| 282|0x0000000725c00000, 0x0000000725e00000, 0x0000000725e00000|100%| O|  |TAMS 0x0000000725c00000| PB 0x0000000725c00000| Untracked 
| 283|0x0000000725e00000, 0x0000000726000000, 0x0000000726000000|100%| O|  |TAMS 0x0000000725e00000| PB 0x0000000725e00000| Untracked 
| 284|0x0000000726000000, 0x0000000726200000, 0x0000000726200000|100%| O|  |TAMS 0x0000000726000000| PB 0x0000000726000000| Untracked 
| 285|0x0000000726200000, 0x0000000726400000, 0x0000000726400000|100%| O|  |TAMS 0x0000000726200000| PB 0x0000000726200000| Untracked 
| 286|0x0000000726400000, 0x0000000726600000, 0x0000000726600000|100%| O|  |TAMS 0x0000000726400000| PB 0x0000000726400000| Untracked 
| 287|0x0000000726600000, 0x0000000726800000, 0x0000000726800000|100%| O|  |TAMS 0x0000000726600000| PB 0x0000000726600000| Untracked 
| 288|0x0000000726800000, 0x0000000726a00000, 0x0000000726a00000|100%| O|  |TAMS 0x0000000726800000| PB 0x0000000726800000| Untracked 
| 289|0x0000000726a00000, 0x0000000726c00000, 0x0000000726c00000|100%| O|  |TAMS 0x0000000726a00000| PB 0x0000000726a00000| Untracked 
| 290|0x0000000726c00000, 0x0000000726e00000, 0x0000000726e00000|100%| O|  |TAMS 0x0000000726c00000| PB 0x0000000726c00000| Untracked 
| 291|0x0000000726e00000, 0x0000000727000000, 0x0000000727000000|100%| O|  |TAMS 0x0000000726e00000| PB 0x0000000726e00000| Untracked 
| 292|0x0000000727000000, 0x0000000727200000, 0x0000000727200000|100%| O|  |TAMS 0x0000000727000000| PB 0x0000000727000000| Untracked 
| 293|0x0000000727200000, 0x0000000727400000, 0x0000000727400000|100%| O|  |TAMS 0x0000000727200000| PB 0x0000000727200000| Untracked 
| 294|0x0000000727400000, 0x0000000727600000, 0x0000000727600000|100%| O|  |TAMS 0x0000000727400000| PB 0x0000000727400000| Untracked 
| 295|0x0000000727600000, 0x0000000727800000, 0x0000000727800000|100%| O|  |TAMS 0x0000000727600000| PB 0x0000000727600000| Untracked 
| 296|0x0000000727800000, 0x0000000727a00000, 0x0000000727a00000|100%| O|  |TAMS 0x0000000727800000| PB 0x0000000727800000| Untracked 
| 297|0x0000000727a00000, 0x0000000727c00000, 0x0000000727c00000|100%| O|  |TAMS 0x0000000727a00000| PB 0x0000000727a00000| Untracked 
| 298|0x0000000727c00000, 0x0000000727e00000, 0x0000000727e00000|100%| O|  |TAMS 0x0000000727c00000| PB 0x0000000727c00000| Untracked 
| 299|0x0000000727e00000, 0x0000000728000000, 0x0000000728000000|100%| O|  |TAMS 0x0000000727e00000| PB 0x0000000727e00000| Untracked 
| 300|0x0000000728000000, 0x0000000728200000, 0x0000000728200000|100%| O|  |TAMS 0x0000000728000000| PB 0x0000000728000000| Untracked 
| 301|0x0000000728200000, 0x0000000728400000, 0x0000000728400000|100%| O|  |TAMS 0x0000000728200000| PB 0x0000000728200000| Untracked 
| 302|0x0000000728400000, 0x0000000728600000, 0x0000000728600000|100%| O|  |TAMS 0x0000000728400000| PB 0x0000000728400000| Untracked 
| 303|0x0000000728600000, 0x0000000728600000, 0x0000000728800000|  0%| F|  |TAMS 0x0000000728600000| PB 0x0000000728600000| Untracked 
| 304|0x0000000728800000, 0x0000000728a00000, 0x0000000728a00000|100%| O|  |TAMS 0x0000000728800000| PB 0x0000000728800000| Untracked 
| 305|0x0000000728a00000, 0x0000000728a00000, 0x0000000728c00000|  0%| F|  |TAMS 0x0000000728a00000| PB 0x0000000728a00000| Untracked 
| 306|0x0000000728c00000, 0x0000000728e00000, 0x0000000728e00000|100%| O|  |TAMS 0x0000000728c00000| PB 0x0000000728c00000| Untracked 
| 307|0x0000000728e00000, 0x0000000729000000, 0x0000000729000000|100%| O|  |TAMS 0x0000000728e00000| PB 0x0000000728e00000| Untracked 
| 308|0x0000000729000000, 0x0000000729000000, 0x0000000729200000|  0%| F|  |TAMS 0x0000000729000000| PB 0x0000000729000000| Untracked 
| 309|0x0000000729200000, 0x0000000729400000, 0x0000000729400000|100%| O|  |TAMS 0x0000000729200000| PB 0x0000000729200000| Untracked 
| 310|0x0000000729400000, 0x0000000729600000, 0x0000000729600000|100%| O|  |TAMS 0x0000000729400000| PB 0x0000000729400000| Untracked 
| 311|0x0000000729600000, 0x0000000729800000, 0x0000000729800000|100%| O|  |TAMS 0x0000000729600000| PB 0x0000000729600000| Untracked 
| 312|0x0000000729800000, 0x0000000729a00000, 0x0000000729a00000|100%| O|  |TAMS 0x0000000729800000| PB 0x0000000729800000| Untracked 
| 313|0x0000000729a00000, 0x0000000729c00000, 0x0000000729c00000|100%| O|  |TAMS 0x0000000729a00000| PB 0x0000000729a00000| Untracked 
| 314|0x0000000729c00000, 0x0000000729e00000, 0x0000000729e00000|100%| O|  |TAMS 0x0000000729c00000| PB 0x0000000729c00000| Untracked 
| 315|0x0000000729e00000, 0x000000072a000000, 0x000000072a000000|100%| O|  |TAMS 0x0000000729e00000| PB 0x0000000729e00000| Untracked 
| 316|0x000000072a000000, 0x000000072a200000, 0x000000072a200000|100%| O|  |TAMS 0x000000072a000000| PB 0x000000072a000000| Untracked 
| 317|0x000000072a200000, 0x000000072a400000, 0x000000072a400000|100%| O|  |TAMS 0x000000072a200000| PB 0x000000072a200000| Untracked 
| 318|0x000000072a400000, 0x000000072a600000, 0x000000072a600000|100%| O|  |TAMS 0x000000072a400000| PB 0x000000072a400000| Untracked 
| 319|0x000000072a600000, 0x000000072a800000, 0x000000072a800000|100%| O|  |TAMS 0x000000072a600000| PB 0x000000072a600000| Untracked 
| 320|0x000000072a800000, 0x000000072aa00000, 0x000000072aa00000|100%| O|  |TAMS 0x000000072a800000| PB 0x000000072a800000| Untracked 
| 321|0x000000072aa00000, 0x000000072ac00000, 0x000000072ac00000|100%| O|  |TAMS 0x000000072aa00000| PB 0x000000072aa00000| Untracked 
| 322|0x000000072ac00000, 0x000000072ae00000, 0x000000072ae00000|100%| O|  |TAMS 0x000000072ac00000| PB 0x000000072ac00000| Untracked 
| 323|0x000000072ae00000, 0x000000072b000000, 0x000000072b000000|100%| O|  |TAMS 0x000000072ae00000| PB 0x000000072ae00000| Untracked 
| 324|0x000000072b000000, 0x000000072b200000, 0x000000072b200000|100%| O|  |TAMS 0x000000072b000000| PB 0x000000072b000000| Untracked 
| 325|0x000000072b200000, 0x000000072b400000, 0x000000072b400000|100%| O|  |TAMS 0x000000072b200000| PB 0x000000072b200000| Untracked 
| 326|0x000000072b400000, 0x000000072b600000, 0x000000072b600000|100%| O|  |TAMS 0x000000072b400000| PB 0x000000072b400000| Untracked 
| 327|0x000000072b600000, 0x000000072b800000, 0x000000072b800000|100%| O|  |TAMS 0x000000072b600000| PB 0x000000072b600000| Untracked 
| 328|0x000000072b800000, 0x000000072ba00000, 0x000000072ba00000|100%| O|  |TAMS 0x000000072b800000| PB 0x000000072b800000| Untracked 
| 329|0x000000072ba00000, 0x000000072bc00000, 0x000000072bc00000|100%| O|  |TAMS 0x000000072ba00000| PB 0x000000072ba00000| Untracked 
| 330|0x000000072bc00000, 0x000000072be00000, 0x000000072be00000|100%| O|  |TAMS 0x000000072bc00000| PB 0x000000072bc00000| Untracked 
| 331|0x000000072be00000, 0x000000072c000000, 0x000000072c000000|100%| O|  |TAMS 0x000000072be00000| PB 0x000000072be00000| Untracked 
| 332|0x000000072c000000, 0x000000072c200000, 0x000000072c200000|100%| O|  |TAMS 0x000000072c000000| PB 0x000000072c000000| Untracked 
| 333|0x000000072c200000, 0x000000072c200000, 0x000000072c400000|  0%| F|  |TAMS 0x000000072c200000| PB 0x000000072c200000| Untracked 
| 334|0x000000072c400000, 0x000000072c400000, 0x000000072c600000|  0%| F|  |TAMS 0x000000072c400000| PB 0x000000072c400000| Untracked 
| 335|0x000000072c600000, 0x000000072c800000, 0x000000072c800000|100%| O|  |TAMS 0x000000072c600000| PB 0x000000072c600000| Untracked 
| 336|0x000000072c800000, 0x000000072ca00000, 0x000000072ca00000|100%| O|  |TAMS 0x000000072c800000| PB 0x000000072c800000| Untracked 
| 337|0x000000072ca00000, 0x000000072cc00000, 0x000000072cc00000|100%| O|  |TAMS 0x000000072ca00000| PB 0x000000072ca00000| Untracked 
| 338|0x000000072cc00000, 0x000000072ce00000, 0x000000072ce00000|100%| O|  |TAMS 0x000000072cc00000| PB 0x000000072cc00000| Untracked 
| 339|0x000000072ce00000, 0x000000072d000000, 0x000000072d000000|100%| O|  |TAMS 0x000000072ce00000| PB 0x000000072ce00000| Untracked 
| 340|0x000000072d000000, 0x000000072d200000, 0x000000072d200000|100%| O|  |TAMS 0x000000072d000000| PB 0x000000072d000000| Untracked 
| 341|0x000000072d200000, 0x000000072d400000, 0x000000072d400000|100%| O|  |TAMS 0x000000072d200000| PB 0x000000072d200000| Untracked 
| 342|0x000000072d400000, 0x000000072d600000, 0x000000072d600000|100%| O|  |TAMS 0x000000072d400000| PB 0x000000072d400000| Untracked 
| 343|0x000000072d600000, 0x000000072d800000, 0x000000072d800000|100%| O|  |TAMS 0x000000072d600000| PB 0x000000072d600000| Untracked 
| 344|0x000000072d800000, 0x000000072da00000, 0x000000072da00000|100%| O|  |TAMS 0x000000072d800000| PB 0x000000072d800000| Untracked 
| 345|0x000000072da00000, 0x000000072dc00000, 0x000000072dc00000|100%| O|  |TAMS 0x000000072da00000| PB 0x000000072da00000| Untracked 
| 346|0x000000072dc00000, 0x000000072de00000, 0x000000072de00000|100%| O|  |TAMS 0x000000072dc00000| PB 0x000000072dc00000| Untracked 
| 347|0x000000072de00000, 0x000000072e000000, 0x000000072e000000|100%| O|  |TAMS 0x000000072de00000| PB 0x000000072de00000| Untracked 
| 348|0x000000072e000000, 0x000000072e200000, 0x000000072e200000|100%| O|  |TAMS 0x000000072e000000| PB 0x000000072e000000| Untracked 
| 349|0x000000072e200000, 0x000000072e400000, 0x000000072e400000|100%| O|  |TAMS 0x000000072e200000| PB 0x000000072e200000| Untracked 
| 350|0x000000072e400000, 0x000000072e600000, 0x000000072e600000|100%| O|  |TAMS 0x000000072e400000| PB 0x000000072e400000| Untracked 
| 351|0x000000072e600000, 0x000000072e800000, 0x000000072e800000|100%| O|  |TAMS 0x000000072e600000| PB 0x000000072e600000| Untracked 
| 352|0x000000072e800000, 0x000000072ea00000, 0x000000072ea00000|100%| O|  |TAMS 0x000000072e800000| PB 0x000000072e800000| Untracked 
| 353|0x000000072ea00000, 0x000000072ec00000, 0x000000072ec00000|100%| O|  |TAMS 0x000000072ea00000| PB 0x000000072ea00000| Untracked 
| 354|0x000000072ec00000, 0x000000072ee00000, 0x000000072ee00000|100%| O|  |TAMS 0x000000072ec00000| PB 0x000000072ec00000| Untracked 
| 355|0x000000072ee00000, 0x000000072f000000, 0x000000072f000000|100%| O|  |TAMS 0x000000072ee00000| PB 0x000000072ee00000| Untracked 
| 356|0x000000072f000000, 0x000000072f200000, 0x000000072f200000|100%| O|  |TAMS 0x000000072f000000| PB 0x000000072f000000| Untracked 
| 357|0x000000072f200000, 0x000000072f200000, 0x000000072f400000|  0%| F|  |TAMS 0x000000072f200000| PB 0x000000072f200000| Untracked 
| 358|0x000000072f400000, 0x000000072f600000, 0x000000072f600000|100%| O|  |TAMS 0x000000072f400000| PB 0x000000072f400000| Untracked 
| 359|0x000000072f600000, 0x000000072f800000, 0x000000072f800000|100%| O|  |TAMS 0x000000072f600000| PB 0x000000072f600000| Untracked 
| 360|0x000000072f800000, 0x000000072fa00000, 0x000000072fa00000|100%| O|  |TAMS 0x000000072f800000| PB 0x000000072f800000| Untracked 
| 361|0x000000072fa00000, 0x000000072fc00000, 0x000000072fc00000|100%| O|  |TAMS 0x000000072fa00000| PB 0x000000072fa00000| Untracked 
| 362|0x000000072fc00000, 0x000000072fe00000, 0x000000072fe00000|100%| O|  |TAMS 0x000000072fc00000| PB 0x000000072fc00000| Untracked 
| 363|0x000000072fe00000, 0x0000000730000000, 0x0000000730000000|100%| O|  |TAMS 0x000000072fe00000| PB 0x000000072fe00000| Untracked 
| 364|0x0000000730000000, 0x0000000730000000, 0x0000000730200000|  0%| F|  |TAMS 0x0000000730000000| PB 0x0000000730000000| Untracked 
| 365|0x0000000730200000, 0x0000000730400000, 0x0000000730400000|100%| O|  |TAMS 0x0000000730200000| PB 0x0000000730200000| Untracked 
| 366|0x0000000730400000, 0x0000000730600000, 0x0000000730600000|100%| O|  |TAMS 0x0000000730400000| PB 0x0000000730400000| Untracked 
| 367|0x0000000730600000, 0x0000000730800000, 0x0000000730800000|100%| O|  |TAMS 0x0000000730600000| PB 0x0000000730600000| Untracked 
| 368|0x0000000730800000, 0x0000000730a00000, 0x0000000730a00000|100%| O|  |TAMS 0x0000000730800000| PB 0x0000000730800000| Untracked 
| 369|0x0000000730a00000, 0x0000000730c00000, 0x0000000730c00000|100%| O|  |TAMS 0x0000000730a00000| PB 0x0000000730a00000| Untracked 
| 370|0x0000000730c00000, 0x0000000730e00000, 0x0000000730e00000|100%| O|  |TAMS 0x0000000730c00000| PB 0x0000000730c00000| Untracked 
| 371|0x0000000730e00000, 0x0000000730e00000, 0x0000000731000000|  0%| F|  |TAMS 0x0000000730e00000| PB 0x0000000730e00000| Untracked 
| 372|0x0000000731000000, 0x0000000731000000, 0x0000000731200000|  0%| F|  |TAMS 0x0000000731000000| PB 0x0000000731000000| Untracked 
| 373|0x0000000731200000, 0x0000000731400000, 0x0000000731400000|100%| O|  |TAMS 0x0000000731200000| PB 0x0000000731200000| Untracked 
| 374|0x0000000731400000, 0x0000000731600000, 0x0000000731600000|100%| O|  |TAMS 0x0000000731400000| PB 0x0000000731400000| Untracked 
| 375|0x0000000731600000, 0x0000000731800000, 0x0000000731800000|100%| O|  |TAMS 0x0000000731600000| PB 0x0000000731600000| Untracked 
| 376|0x0000000731800000, 0x0000000731a00000, 0x0000000731a00000|100%|HS|  |TAMS 0x0000000731800000| PB 0x0000000731800000| Complete 
| 377|0x0000000731a00000, 0x0000000731c00000, 0x0000000731c00000|100%|HC|  |TAMS 0x0000000731a00000| PB 0x0000000731a00000| Complete 
| 378|0x0000000731c00000, 0x0000000731e00000, 0x0000000731e00000|100%| O|  |TAMS 0x0000000731c00000| PB 0x0000000731c00000| Untracked 
| 379|0x0000000731e00000, 0x0000000732000000, 0x0000000732000000|100%| O|  |TAMS 0x0000000731e00000| PB 0x0000000731e00000| Untracked 
| 380|0x0000000732000000, 0x0000000732200000, 0x0000000732200000|100%| O|  |TAMS 0x0000000732000000| PB 0x0000000732000000| Untracked 
| 381|0x0000000732200000, 0x0000000732400000, 0x0000000732400000|100%| O|  |TAMS 0x0000000732200000| PB 0x0000000732200000| Untracked 
| 382|0x0000000732400000, 0x0000000732600000, 0x0000000732600000|100%| O|  |TAMS 0x0000000732400000| PB 0x0000000732400000| Untracked 
| 383|0x0000000732600000, 0x0000000732800000, 0x0000000732800000|100%| O|  |TAMS 0x0000000732600000| PB 0x0000000732600000| Untracked 
| 384|0x0000000732800000, 0x0000000732a00000, 0x0000000732a00000|100%| O|  |TAMS 0x0000000732800000| PB 0x0000000732800000| Untracked 
| 385|0x0000000732a00000, 0x0000000732c00000, 0x0000000732c00000|100%| O|  |TAMS 0x0000000732a00000| PB 0x0000000732a00000| Untracked 
| 386|0x0000000732c00000, 0x0000000732e00000, 0x0000000732e00000|100%| O|  |TAMS 0x0000000732c00000| PB 0x0000000732c00000| Untracked 
| 387|0x0000000732e00000, 0x0000000733000000, 0x0000000733000000|100%| O|  |TAMS 0x0000000732e00000| PB 0x0000000732e00000| Untracked 
| 388|0x0000000733000000, 0x0000000733200000, 0x0000000733200000|100%| O|  |TAMS 0x0000000733000000| PB 0x0000000733000000| Untracked 
| 389|0x0000000733200000, 0x0000000733400000, 0x0000000733400000|100%|HS|  |TAMS 0x0000000733200000| PB 0x0000000733200000| Untracked 
| 390|0x0000000733400000, 0x0000000733600000, 0x0000000733600000|100%|HC|  |TAMS 0x0000000733400000| PB 0x0000000733400000| Untracked 
| 391|0x0000000733600000, 0x0000000733800000, 0x0000000733800000|100%|HC|  |TAMS 0x0000000733600000| PB 0x0000000733600000| Untracked 
| 392|0x0000000733800000, 0x0000000733a00000, 0x0000000733a00000|100%|HC|  |TAMS 0x0000000733800000| PB 0x0000000733800000| Untracked 
| 393|0x0000000733a00000, 0x0000000733c00000, 0x0000000733c00000|100%|HC|  |TAMS 0x0000000733a00000| PB 0x0000000733a00000| Untracked 
| 394|0x0000000733c00000, 0x0000000733e00000, 0x0000000733e00000|100%|HC|  |TAMS 0x0000000733c00000| PB 0x0000000733c00000| Untracked 
| 395|0x0000000733e00000, 0x0000000734000000, 0x0000000734000000|100%|HC|  |TAMS 0x0000000733e00000| PB 0x0000000733e00000| Untracked 
| 396|0x0000000734000000, 0x0000000734200000, 0x0000000734200000|100%|HC|  |TAMS 0x0000000734000000| PB 0x0000000734000000| Untracked 
| 397|0x0000000734200000, 0x0000000734400000, 0x0000000734400000|100%|HC|  |TAMS 0x0000000734200000| PB 0x0000000734200000| Untracked 
| 398|0x0000000734400000, 0x0000000734600000, 0x0000000734600000|100%| O|  |TAMS 0x0000000734400000| PB 0x0000000734400000| Untracked 
| 399|0x0000000734600000, 0x0000000734800000, 0x0000000734800000|100%| O|  |TAMS 0x0000000734600000| PB 0x0000000734600000| Untracked 
| 400|0x0000000734800000, 0x0000000734a00000, 0x0000000734a00000|100%| O|  |TAMS 0x0000000734800000| PB 0x0000000734800000| Untracked 
| 401|0x0000000734a00000, 0x0000000734c00000, 0x0000000734c00000|100%| O|  |TAMS 0x0000000734a00000| PB 0x0000000734a00000| Untracked 
| 402|0x0000000734c00000, 0x0000000734e00000, 0x0000000734e00000|100%| O|  |TAMS 0x0000000734c00000| PB 0x0000000734c00000| Untracked 
| 403|0x0000000734e00000, 0x0000000735000000, 0x0000000735000000|100%| O|  |TAMS 0x0000000734e00000| PB 0x0000000734e00000| Untracked 
| 404|0x0000000735000000, 0x0000000735200000, 0x0000000735200000|100%| O|  |TAMS 0x0000000735000000| PB 0x0000000735000000| Untracked 
| 405|0x0000000735200000, 0x0000000735200000, 0x0000000735400000|  0%| F|  |TAMS 0x0000000735200000| PB 0x0000000735200000| Untracked 
| 406|0x0000000735400000, 0x0000000735600000, 0x0000000735600000|100%| O|  |TAMS 0x0000000735400000| PB 0x0000000735400000| Untracked 
| 407|0x0000000735600000, 0x0000000735800000, 0x0000000735800000|100%|HS|  |TAMS 0x0000000735600000| PB 0x0000000735600000| Complete 
| 408|0x0000000735800000, 0x0000000735a00000, 0x0000000735a00000|100%|HC|  |TAMS 0x0000000735800000| PB 0x0000000735800000| Complete 
| 409|0x0000000735a00000, 0x0000000735c00000, 0x0000000735c00000|100%| O|  |TAMS 0x0000000735a00000| PB 0x0000000735a00000| Untracked 
| 410|0x0000000735c00000, 0x0000000735e00000, 0x0000000735e00000|100%| O|  |TAMS 0x0000000735c00000| PB 0x0000000735c00000| Untracked 
| 411|0x0000000735e00000, 0x0000000736000000, 0x0000000736000000|100%| O|  |TAMS 0x0000000735e00000| PB 0x0000000735e00000| Untracked 
| 412|0x0000000736000000, 0x000000073615e400, 0x0000000736200000| 68%| O|  |TAMS 0x0000000736000000| PB 0x0000000736000000| Untracked 
| 413|0x0000000736200000, 0x0000000736400000, 0x0000000736400000|100%| O|  |TAMS 0x0000000736200000| PB 0x0000000736200000| Untracked 
| 414|0x0000000736400000, 0x0000000736400000, 0x0000000736600000|  0%| F|  |TAMS 0x0000000736400000| PB 0x0000000736400000| Untracked 
| 415|0x0000000736600000, 0x0000000736800000, 0x0000000736800000|100%|HS|  |TAMS 0x0000000736600000| PB 0x0000000736600000| Complete 
| 416|0x0000000736800000, 0x0000000736a00000, 0x0000000736a00000|100%|HC|  |TAMS 0x0000000736800000| PB 0x0000000736800000| Complete 
| 417|0x0000000736a00000, 0x0000000736a00000, 0x0000000736c00000|  0%| F|  |TAMS 0x0000000736a00000| PB 0x0000000736a00000| Untracked 
| 418|0x0000000736c00000, 0x0000000736e00000, 0x0000000736e00000|100%|HS|  |TAMS 0x0000000736c00000| PB 0x0000000736c00000| Complete 
| 419|0x0000000736e00000, 0x0000000737000000, 0x0000000737000000|100%|HS|  |TAMS 0x0000000736e00000| PB 0x0000000736e00000| Complete 
| 420|0x0000000737000000, 0x0000000737200000, 0x0000000737200000|100%|HC|  |TAMS 0x0000000737000000| PB 0x0000000737000000| Complete 
| 421|0x0000000737200000, 0x0000000737400000, 0x0000000737400000|100%|HS|  |TAMS 0x0000000737200000| PB 0x0000000737200000| Complete 
| 422|0x0000000737400000, 0x0000000737400000, 0x0000000737600000|  0%| F|  |TAMS 0x0000000737400000| PB 0x0000000737400000| Untracked 
| 423|0x0000000737600000, 0x0000000737800000, 0x0000000737800000|100%| O|  |TAMS 0x0000000737600000| PB 0x0000000737600000| Untracked 
| 424|0x0000000737800000, 0x0000000737a00000, 0x0000000737a00000|100%| O|  |TAMS 0x0000000737800000| PB 0x0000000737800000| Untracked 
| 425|0x0000000737a00000, 0x0000000737c00000, 0x0000000737c00000|100%| O|  |TAMS 0x0000000737a00000| PB 0x0000000737a00000| Untracked 
| 426|0x0000000737c00000, 0x0000000737e00000, 0x0000000737e00000|100%| O|  |TAMS 0x0000000737c00000| PB 0x0000000737c00000| Untracked 
| 427|0x0000000737e00000, 0x0000000738000000, 0x0000000738000000|100%| O|  |TAMS 0x0000000737e00000| PB 0x0000000737e00000| Untracked 
| 428|0x0000000738000000, 0x0000000738200000, 0x0000000738200000|100%| O|  |TAMS 0x0000000738000000| PB 0x0000000738000000| Untracked 
| 429|0x0000000738200000, 0x0000000738400000, 0x0000000738400000|100%| O|  |TAMS 0x0000000738200000| PB 0x0000000738200000| Untracked 
| 430|0x0000000738400000, 0x0000000738600000, 0x0000000738600000|100%| O|  |TAMS 0x0000000738400000| PB 0x0000000738400000| Untracked 
| 431|0x0000000738600000, 0x0000000738800000, 0x0000000738800000|100%| O|  |TAMS 0x0000000738600000| PB 0x0000000738600000| Untracked 
| 432|0x0000000738800000, 0x0000000738a00000, 0x0000000738a00000|100%| O|  |TAMS 0x0000000738800000| PB 0x0000000738800000| Untracked 
| 433|0x0000000738a00000, 0x0000000738c00000, 0x0000000738c00000|100%| O|  |TAMS 0x0000000738a00000| PB 0x0000000738a00000| Untracked 
| 434|0x0000000738c00000, 0x0000000738e00000, 0x0000000738e00000|100%| O|  |TAMS 0x0000000738c00000| PB 0x0000000738c00000| Untracked 
| 435|0x0000000738e00000, 0x0000000738e00000, 0x0000000739000000|  0%| F|  |TAMS 0x0000000738e00000| PB 0x0000000738e00000| Untracked 
| 436|0x0000000739000000, 0x0000000739000000, 0x0000000739200000|  0%| F|  |TAMS 0x0000000739000000| PB 0x0000000739000000| Untracked 
| 437|0x0000000739200000, 0x0000000739200000, 0x0000000739400000|  0%| F|  |TAMS 0x0000000739200000| PB 0x0000000739200000| Untracked 
| 438|0x0000000739400000, 0x0000000739400000, 0x0000000739600000|  0%| F|  |TAMS 0x0000000739400000| PB 0x0000000739400000| Untracked 
| 439|0x0000000739600000, 0x0000000739600000, 0x0000000739800000|  0%| F|  |TAMS 0x0000000739600000| PB 0x0000000739600000| Untracked 
| 440|0x0000000739800000, 0x0000000739800000, 0x0000000739a00000|  0%| F|  |TAMS 0x0000000739800000| PB 0x0000000739800000| Untracked 
| 441|0x0000000739a00000, 0x0000000739a00000, 0x0000000739c00000|  0%| F|  |TAMS 0x0000000739a00000| PB 0x0000000739a00000| Untracked 
| 442|0x0000000739c00000, 0x0000000739c00000, 0x0000000739e00000|  0%| F|  |TAMS 0x0000000739c00000| PB 0x0000000739c00000| Untracked 
| 443|0x0000000739e00000, 0x0000000739e00000, 0x000000073a000000|  0%| F|  |TAMS 0x0000000739e00000| PB 0x0000000739e00000| Untracked 
| 444|0x000000073a000000, 0x000000073a000000, 0x000000073a200000|  0%| F|  |TAMS 0x000000073a000000| PB 0x000000073a000000| Untracked 
| 445|0x000000073a200000, 0x000000073a200000, 0x000000073a400000|  0%| F|  |TAMS 0x000000073a200000| PB 0x000000073a200000| Untracked 
| 446|0x000000073a400000, 0x000000073a400000, 0x000000073a600000|  0%| F|  |TAMS 0x000000073a400000| PB 0x000000073a400000| Untracked 
| 447|0x000000073a600000, 0x000000073a600000, 0x000000073a800000|  0%| F|  |TAMS 0x000000073a600000| PB 0x000000073a600000| Untracked 
| 448|0x000000073a800000, 0x000000073a800000, 0x000000073aa00000|  0%| F|  |TAMS 0x000000073a800000| PB 0x000000073a800000| Untracked 
| 449|0x000000073aa00000, 0x000000073aa00000, 0x000000073ac00000|  0%| F|  |TAMS 0x000000073aa00000| PB 0x000000073aa00000| Untracked 
| 450|0x000000073ac00000, 0x000000073ac00000, 0x000000073ae00000|  0%| F|  |TAMS 0x000000073ac00000| PB 0x000000073ac00000| Untracked 
| 451|0x000000073ae00000, 0x000000073ae00000, 0x000000073b000000|  0%| F|  |TAMS 0x000000073ae00000| PB 0x000000073ae00000| Untracked 
| 452|0x000000073b000000, 0x000000073b000000, 0x000000073b200000|  0%| F|  |TAMS 0x000000073b000000| PB 0x000000073b000000| Untracked 
| 453|0x000000073b200000, 0x000000073b200000, 0x000000073b400000|  0%| F|  |TAMS 0x000000073b200000| PB 0x000000073b200000| Untracked 
| 454|0x000000073b400000, 0x000000073b400000, 0x000000073b600000|  0%| F|  |TAMS 0x000000073b400000| PB 0x000000073b400000| Untracked 
| 455|0x000000073b600000, 0x000000073b600000, 0x000000073b800000|  0%| F|  |TAMS 0x000000073b600000| PB 0x000000073b600000| Untracked 
| 456|0x000000073b800000, 0x000000073b800000, 0x000000073ba00000|  0%| F|  |TAMS 0x000000073b800000| PB 0x000000073b800000| Untracked 
| 457|0x000000073ba00000, 0x000000073ba00000, 0x000000073bc00000|  0%| F|  |TAMS 0x000000073ba00000| PB 0x000000073ba00000| Untracked 
| 458|0x000000073bc00000, 0x000000073bc00000, 0x000000073be00000|  0%| F|  |TAMS 0x000000073bc00000| PB 0x000000073bc00000| Untracked 
| 459|0x000000073be00000, 0x000000073be00000, 0x000000073c000000|  0%| F|  |TAMS 0x000000073be00000| PB 0x000000073be00000| Untracked 
| 460|0x000000073c000000, 0x000000073c000000, 0x000000073c200000|  0%| F|  |TAMS 0x000000073c000000| PB 0x000000073c000000| Untracked 
| 461|0x000000073c200000, 0x000000073c200000, 0x000000073c400000|  0%| F|  |TAMS 0x000000073c200000| PB 0x000000073c200000| Untracked 
| 462|0x000000073c400000, 0x000000073c400000, 0x000000073c600000|  0%| F|  |TAMS 0x000000073c400000| PB 0x000000073c400000| Untracked 
| 463|0x000000073c600000, 0x000000073c600000, 0x000000073c800000|  0%| F|  |TAMS 0x000000073c600000| PB 0x000000073c600000| Untracked 
| 464|0x000000073c800000, 0x000000073c800000, 0x000000073ca00000|  0%| F|  |TAMS 0x000000073c800000| PB 0x000000073c800000| Untracked 
| 465|0x000000073ca00000, 0x000000073ca00000, 0x000000073cc00000|  0%| F|  |TAMS 0x000000073ca00000| PB 0x000000073ca00000| Untracked 
| 466|0x000000073cc00000, 0x000000073cc00000, 0x000000073ce00000|  0%| F|  |TAMS 0x000000073cc00000| PB 0x000000073cc00000| Untracked 
| 467|0x000000073ce00000, 0x000000073ce00000, 0x000000073d000000|  0%| F|  |TAMS 0x000000073ce00000| PB 0x000000073ce00000| Untracked 
| 468|0x000000073d000000, 0x000000073d000000, 0x000000073d200000|  0%| F|  |TAMS 0x000000073d000000| PB 0x000000073d000000| Untracked 
| 469|0x000000073d200000, 0x000000073d200000, 0x000000073d400000|  0%| F|  |TAMS 0x000000073d200000| PB 0x000000073d200000| Untracked 
| 470|0x000000073d400000, 0x000000073d400000, 0x000000073d600000|  0%| F|  |TAMS 0x000000073d400000| PB 0x000000073d400000| Untracked 
| 471|0x000000073d600000, 0x000000073d600000, 0x000000073d800000|  0%| F|  |TAMS 0x000000073d600000| PB 0x000000073d600000| Untracked 
| 472|0x000000073d800000, 0x000000073d800000, 0x000000073da00000|  0%| F|  |TAMS 0x000000073d800000| PB 0x000000073d800000| Untracked 
| 473|0x000000073da00000, 0x000000073da00000, 0x000000073dc00000|  0%| F|  |TAMS 0x000000073da00000| PB 0x000000073da00000| Untracked 
| 474|0x000000073dc00000, 0x000000073dc00000, 0x000000073de00000|  0%| F|  |TAMS 0x000000073dc00000| PB 0x000000073dc00000| Untracked 
| 475|0x000000073de00000, 0x000000073de00000, 0x000000073e000000|  0%| F|  |TAMS 0x000000073de00000| PB 0x000000073de00000| Untracked 
| 476|0x000000073e000000, 0x000000073e000000, 0x000000073e200000|  0%| F|  |TAMS 0x000000073e000000| PB 0x000000073e000000| Untracked 
| 477|0x000000073e200000, 0x000000073e200000, 0x000000073e400000|  0%| F|  |TAMS 0x000000073e200000| PB 0x000000073e200000| Untracked 
| 478|0x000000073e400000, 0x000000073e600000, 0x000000073e600000|100%| S|CS|TAMS 0x000000073e400000| PB 0x000000073e400000| Complete 
| 479|0x000000073e600000, 0x000000073e800000, 0x000000073e800000|100%| S|CS|TAMS 0x000000073e600000| PB 0x000000073e600000| Complete 
| 480|0x000000073e800000, 0x000000073e800000, 0x000000073ea00000|  0%| F|  |TAMS 0x000000073e800000| PB 0x000000073e800000| Untracked 
| 481|0x000000073ea00000, 0x000000073ea00000, 0x000000073ec00000|  0%| F|  |TAMS 0x000000073ea00000| PB 0x000000073ea00000| Untracked 
| 482|0x000000073ec00000, 0x000000073ec00000, 0x000000073ee00000|  0%| F|  |TAMS 0x000000073ec00000| PB 0x000000073ec00000| Untracked 
| 483|0x000000073ee00000, 0x000000073ee00000, 0x000000073f000000|  0%| F|  |TAMS 0x000000073ee00000| PB 0x000000073ee00000| Untracked 
| 484|0x000000073f000000, 0x000000073f000000, 0x000000073f200000|  0%| F|  |TAMS 0x000000073f000000| PB 0x000000073f000000| Untracked 
| 485|0x000000073f200000, 0x000000073f200000, 0x000000073f400000|  0%| F|  |TAMS 0x000000073f200000| PB 0x000000073f200000| Untracked 
| 486|0x000000073f400000, 0x000000073f400000, 0x000000073f600000|  0%| F|  |TAMS 0x000000073f400000| PB 0x000000073f400000| Untracked 
| 487|0x000000073f600000, 0x000000073f600000, 0x000000073f800000|  0%| F|  |TAMS 0x000000073f600000| PB 0x000000073f600000| Untracked 
| 488|0x000000073f800000, 0x000000073f800000, 0x000000073fa00000|  0%| F|  |TAMS 0x000000073f800000| PB 0x000000073f800000| Untracked 
| 489|0x000000073fa00000, 0x000000073fa00000, 0x000000073fc00000|  0%| F|  |TAMS 0x000000073fa00000| PB 0x000000073fa00000| Untracked 
| 490|0x000000073fc00000, 0x000000073fe00000, 0x000000073fe00000|100%| O|  |TAMS 0x000000073fc00000| PB 0x000000073fc00000| Untracked 
| 491|0x000000073fe00000, 0x0000000740000000, 0x0000000740000000|100%| O|  |TAMS 0x000000073fe00000| PB 0x000000073fe00000| Untracked 
| 492|0x0000000740000000, 0x0000000740200000, 0x0000000740200000|100%| O|  |TAMS 0x0000000740000000| PB 0x0000000740000000| Untracked 
| 493|0x0000000740200000, 0x0000000740400000, 0x0000000740400000|100%| O|  |TAMS 0x0000000740200000| PB 0x0000000740200000| Untracked 
| 494|0x0000000740400000, 0x0000000740600000, 0x0000000740600000|100%| O|  |TAMS 0x0000000740400000| PB 0x0000000740400000| Untracked 
| 495|0x0000000740600000, 0x0000000740800000, 0x0000000740800000|100%| O|  |TAMS 0x0000000740600000| PB 0x0000000740600000| Untracked 
| 496|0x0000000740800000, 0x0000000740a00000, 0x0000000740a00000|100%| O|  |TAMS 0x0000000740800000| PB 0x0000000740800000| Untracked 
| 497|0x0000000740a00000, 0x0000000740c00000, 0x0000000740c00000|100%| O|  |TAMS 0x0000000740a00000| PB 0x0000000740a00000| Untracked 
| 498|0x0000000740c00000, 0x0000000740e00000, 0x0000000740e00000|100%| O|  |TAMS 0x0000000740c00000| PB 0x0000000740c00000| Untracked 
| 499|0x0000000740e00000, 0x0000000741000000, 0x0000000741000000|100%| O|  |TAMS 0x0000000740e00000| PB 0x0000000740e00000| Untracked 
| 500|0x0000000741000000, 0x0000000741200000, 0x0000000741200000|100%| O|  |TAMS 0x0000000741000000| PB 0x0000000741000000| Untracked 
| 501|0x0000000741200000, 0x0000000741400000, 0x0000000741400000|100%| O|  |TAMS 0x0000000741200000| PB 0x0000000741200000| Untracked 
| 502|0x0000000741400000, 0x0000000741600000, 0x0000000741600000|100%| O|  |TAMS 0x0000000741400000| PB 0x0000000741400000| Untracked 
| 503|0x0000000741600000, 0x0000000741800000, 0x0000000741800000|100%| O|  |TAMS 0x0000000741600000| PB 0x0000000741600000| Untracked 
| 504|0x0000000741800000, 0x0000000741a00000, 0x0000000741a00000|100%| O|  |TAMS 0x0000000741800000| PB 0x0000000741800000| Untracked 
| 505|0x0000000741a00000, 0x0000000741c00000, 0x0000000741c00000|100%| O|  |TAMS 0x0000000741a00000| PB 0x0000000741a00000| Untracked 
| 506|0x0000000741c00000, 0x0000000741e00000, 0x0000000741e00000|100%| O|  |TAMS 0x0000000741c00000| PB 0x0000000741c00000| Untracked 
| 507|0x0000000741e00000, 0x0000000742000000, 0x0000000742000000|100%| O|  |TAMS 0x0000000741e00000| PB 0x0000000741e00000| Untracked 
| 508|0x0000000742000000, 0x0000000742200000, 0x0000000742200000|100%| O|  |TAMS 0x0000000742000000| PB 0x0000000742000000| Untracked 
| 509|0x0000000742200000, 0x0000000742200000, 0x0000000742400000|  0%| F|  |TAMS 0x0000000742200000| PB 0x0000000742200000| Untracked 
| 510|0x0000000742400000, 0x0000000742400000, 0x0000000742600000|  0%| F|  |TAMS 0x0000000742400000| PB 0x0000000742400000| Untracked 
| 511|0x0000000742600000, 0x0000000742600000, 0x0000000742800000|  0%| F|  |TAMS 0x0000000742600000| PB 0x0000000742600000| Untracked 
| 512|0x0000000742800000, 0x0000000742800000, 0x0000000742a00000|  0%| F|  |TAMS 0x0000000742800000| PB 0x0000000742800000| Untracked 
| 513|0x0000000742a00000, 0x0000000742a00000, 0x0000000742c00000|  0%| F|  |TAMS 0x0000000742a00000| PB 0x0000000742a00000| Untracked 
| 514|0x0000000742c00000, 0x0000000742c00000, 0x0000000742e00000|  0%| F|  |TAMS 0x0000000742c00000| PB 0x0000000742c00000| Untracked 
| 515|0x0000000742e00000, 0x0000000742e00000, 0x0000000743000000|  0%| F|  |TAMS 0x0000000742e00000| PB 0x0000000742e00000| Untracked 
| 516|0x0000000743000000, 0x0000000743000000, 0x0000000743200000|  0%| F|  |TAMS 0x0000000743000000| PB 0x0000000743000000| Untracked 
| 517|0x0000000743200000, 0x0000000743200000, 0x0000000743400000|  0%| F|  |TAMS 0x0000000743200000| PB 0x0000000743200000| Untracked 
| 518|0x0000000743400000, 0x0000000743400000, 0x0000000743600000|  0%| F|  |TAMS 0x0000000743400000| PB 0x0000000743400000| Untracked 
| 519|0x0000000743600000, 0x0000000743800000, 0x0000000743800000|100%| S|CS|TAMS 0x0000000743600000| PB 0x0000000743600000| Complete 
| 520|0x0000000743800000, 0x0000000743a00000, 0x0000000743a00000|100%| S|CS|TAMS 0x0000000743800000| PB 0x0000000743800000| Complete 
| 521|0x0000000743a00000, 0x0000000743c00000, 0x0000000743c00000|100%| S|CS|TAMS 0x0000000743a00000| PB 0x0000000743a00000| Complete 
| 522|0x0000000743c00000, 0x0000000743e00000, 0x0000000743e00000|100%| S|CS|TAMS 0x0000000743c00000| PB 0x0000000743c00000| Complete 
| 523|0x0000000743e00000, 0x0000000744000000, 0x0000000744000000|100%| S|CS|TAMS 0x0000000743e00000| PB 0x0000000743e00000| Complete 
| 524|0x0000000744000000, 0x0000000744200000, 0x0000000744200000|100%| S|CS|TAMS 0x0000000744000000| PB 0x0000000744000000| Complete 
| 525|0x0000000744200000, 0x0000000744400000, 0x0000000744400000|100%| S|CS|TAMS 0x0000000744200000| PB 0x0000000744200000| Complete 
| 526|0x0000000744400000, 0x0000000744600000, 0x0000000744600000|100%| S|CS|TAMS 0x0000000744400000| PB 0x0000000744400000| Complete 
| 527|0x0000000744600000, 0x0000000744800000, 0x0000000744800000|100%| S|CS|TAMS 0x0000000744600000| PB 0x0000000744600000| Complete 
| 528|0x0000000744800000, 0x0000000744a00000, 0x0000000744a00000|100%| S|CS|TAMS 0x0000000744800000| PB 0x0000000744800000| Complete 
| 529|0x0000000744a00000, 0x0000000744c00000, 0x0000000744c00000|100%| S|CS|TAMS 0x0000000744a00000| PB 0x0000000744a00000| Complete 
| 530|0x0000000744c00000, 0x0000000744e00000, 0x0000000744e00000|100%| S|CS|TAMS 0x0000000744c00000| PB 0x0000000744c00000| Complete 
| 531|0x0000000744e00000, 0x0000000745000000, 0x0000000745000000|100%| S|CS|TAMS 0x0000000744e00000| PB 0x0000000744e00000| Complete 
| 532|0x0000000745000000, 0x0000000745200000, 0x0000000745200000|100%| S|CS|TAMS 0x0000000745000000| PB 0x0000000745000000| Complete 
| 533|0x0000000745200000, 0x0000000745400000, 0x0000000745400000|100%| S|CS|TAMS 0x0000000745200000| PB 0x0000000745200000| Complete 
| 534|0x0000000745400000, 0x0000000745600000, 0x0000000745600000|100%| S|CS|TAMS 0x0000000745400000| PB 0x0000000745400000| Complete 
| 535|0x0000000745600000, 0x0000000745800000, 0x0000000745800000|100%| S|CS|TAMS 0x0000000745600000| PB 0x0000000745600000| Complete 
| 536|0x0000000745800000, 0x0000000745a00000, 0x0000000745a00000|100%| S|CS|TAMS 0x0000000745800000| PB 0x0000000745800000| Complete 
| 537|0x0000000745a00000, 0x0000000745c00000, 0x0000000745c00000|100%| S|CS|TAMS 0x0000000745a00000| PB 0x0000000745a00000| Complete 
| 538|0x0000000745c00000, 0x0000000745c00000, 0x0000000745e00000|  0%| F|  |TAMS 0x0000000745c00000| PB 0x0000000745c00000| Untracked 
| 539|0x0000000745e00000, 0x0000000745e00000, 0x0000000746000000|  0%| F|  |TAMS 0x0000000745e00000| PB 0x0000000745e00000| Untracked 
| 540|0x0000000746000000, 0x0000000746000000, 0x0000000746200000|  0%| F|  |TAMS 0x0000000746000000| PB 0x0000000746000000| Untracked 
| 541|0x0000000746200000, 0x0000000746200000, 0x0000000746400000|  0%| F|  |TAMS 0x0000000746200000| PB 0x0000000746200000| Untracked 
| 542|0x0000000746400000, 0x0000000746400000, 0x0000000746600000|  0%| F|  |TAMS 0x0000000746400000| PB 0x0000000746400000| Untracked 
| 543|0x0000000746600000, 0x0000000746600000, 0x0000000746800000|  0%| F|  |TAMS 0x0000000746600000| PB 0x0000000746600000| Untracked 
| 544|0x0000000746800000, 0x0000000746800000, 0x0000000746a00000|  0%| F|  |TAMS 0x0000000746800000| PB 0x0000000746800000| Untracked 
| 545|0x0000000746a00000, 0x0000000746a00000, 0x0000000746c00000|  0%| F|  |TAMS 0x0000000746a00000| PB 0x0000000746a00000| Untracked 
| 546|0x0000000746c00000, 0x0000000746c00000, 0x0000000746e00000|  0%| F|  |TAMS 0x0000000746c00000| PB 0x0000000746c00000| Untracked 
| 547|0x0000000746e00000, 0x0000000746e00000, 0x0000000747000000|  0%| F|  |TAMS 0x0000000746e00000| PB 0x0000000746e00000| Untracked 
| 548|0x0000000747000000, 0x0000000747000000, 0x0000000747200000|  0%| F|  |TAMS 0x0000000747000000| PB 0x0000000747000000| Untracked 
| 549|0x0000000747200000, 0x0000000747200000, 0x0000000747400000|  0%| F|  |TAMS 0x0000000747200000| PB 0x0000000747200000| Untracked 
| 550|0x0000000747400000, 0x0000000747400000, 0x0000000747600000|  0%| F|  |TAMS 0x0000000747400000| PB 0x0000000747400000| Untracked 
| 551|0x0000000747600000, 0x0000000747600000, 0x0000000747800000|  0%| F|  |TAMS 0x0000000747600000| PB 0x0000000747600000| Untracked 
| 552|0x0000000747800000, 0x0000000747800000, 0x0000000747a00000|  0%| F|  |TAMS 0x0000000747800000| PB 0x0000000747800000| Untracked 
| 553|0x0000000747a00000, 0x0000000747a00000, 0x0000000747c00000|  0%| F|  |TAMS 0x0000000747a00000| PB 0x0000000747a00000| Untracked 
| 554|0x0000000747c00000, 0x0000000747c00000, 0x0000000747e00000|  0%| F|  |TAMS 0x0000000747c00000| PB 0x0000000747c00000| Untracked 
| 555|0x0000000747e00000, 0x0000000747e00000, 0x0000000748000000|  0%| F|  |TAMS 0x0000000747e00000| PB 0x0000000747e00000| Untracked 
| 556|0x0000000748000000, 0x0000000748000000, 0x0000000748200000|  0%| F|  |TAMS 0x0000000748000000| PB 0x0000000748000000| Untracked 
| 557|0x0000000748200000, 0x0000000748200000, 0x0000000748400000|  0%| F|  |TAMS 0x0000000748200000| PB 0x0000000748200000| Untracked 
| 558|0x0000000748400000, 0x0000000748400000, 0x0000000748600000|  0%| F|  |TAMS 0x0000000748400000| PB 0x0000000748400000| Untracked 
| 559|0x0000000748600000, 0x0000000748600000, 0x0000000748800000|  0%| F|  |TAMS 0x0000000748600000| PB 0x0000000748600000| Untracked 
| 560|0x0000000748800000, 0x0000000748a00000, 0x0000000748a00000|100%| S|CS|TAMS 0x0000000748800000| PB 0x0000000748800000| Complete 
| 561|0x0000000748a00000, 0x0000000748c00000, 0x0000000748c00000|100%| S|CS|TAMS 0x0000000748a00000| PB 0x0000000748a00000| Complete 
| 562|0x0000000748c00000, 0x0000000748e00000, 0x0000000748e00000|100%| S|CS|TAMS 0x0000000748c00000| PB 0x0000000748c00000| Complete 
| 563|0x0000000748e00000, 0x0000000749000000, 0x0000000749000000|100%| S|CS|TAMS 0x0000000748e00000| PB 0x0000000748e00000| Complete 
| 564|0x0000000749000000, 0x0000000749200000, 0x0000000749200000|100%| S|CS|TAMS 0x0000000749000000| PB 0x0000000749000000| Complete 
| 565|0x0000000749200000, 0x0000000749400000, 0x0000000749400000|100%| S|CS|TAMS 0x0000000749200000| PB 0x0000000749200000| Complete 
| 566|0x0000000749400000, 0x0000000749600000, 0x0000000749600000|100%| S|CS|TAMS 0x0000000749400000| PB 0x0000000749400000| Complete 
| 567|0x0000000749600000, 0x0000000749800000, 0x0000000749800000|100%| S|CS|TAMS 0x0000000749600000| PB 0x0000000749600000| Complete 
| 568|0x0000000749800000, 0x0000000749a00000, 0x0000000749a00000|100%| S|CS|TAMS 0x0000000749800000| PB 0x0000000749800000| Complete 
| 569|0x0000000749a00000, 0x0000000749c00000, 0x0000000749c00000|100%| S|CS|TAMS 0x0000000749a00000| PB 0x0000000749a00000| Complete 
| 570|0x0000000749c00000, 0x0000000749e00000, 0x0000000749e00000|100%| S|CS|TAMS 0x0000000749c00000| PB 0x0000000749c00000| Complete 
| 571|0x0000000749e00000, 0x000000074a000000, 0x000000074a000000|100%| S|CS|TAMS 0x0000000749e00000| PB 0x0000000749e00000| Complete 
| 572|0x000000074a000000, 0x000000074a200000, 0x000000074a200000|100%| S|CS|TAMS 0x000000074a000000| PB 0x000000074a000000| Complete 
| 573|0x000000074a200000, 0x000000074a400000, 0x000000074a400000|100%| S|CS|TAMS 0x000000074a200000| PB 0x000000074a200000| Complete 
| 574|0x000000074a400000, 0x000000074a400000, 0x000000074a600000|  0%| F|  |TAMS 0x000000074a400000| PB 0x000000074a400000| Untracked 
| 575|0x000000074a600000, 0x000000074a600000, 0x000000074a800000|  0%| F|  |TAMS 0x000000074a600000| PB 0x000000074a600000| Untracked 
| 576|0x000000074a800000, 0x000000074a800000, 0x000000074aa00000|  0%| F|  |TAMS 0x000000074a800000| PB 0x000000074a800000| Untracked 
| 577|0x000000074aa00000, 0x000000074aa00000, 0x000000074ac00000|  0%| F|  |TAMS 0x000000074aa00000| PB 0x000000074aa00000| Untracked 
| 578|0x000000074ac00000, 0x000000074ac00000, 0x000000074ae00000|  0%| F|  |TAMS 0x000000074ac00000| PB 0x000000074ac00000| Untracked 
| 579|0x000000074ae00000, 0x000000074ae00000, 0x000000074b000000|  0%| F|  |TAMS 0x000000074ae00000| PB 0x000000074ae00000| Untracked 
| 580|0x000000074b000000, 0x000000074b000000, 0x000000074b200000|  0%| F|  |TAMS 0x000000074b000000| PB 0x000000074b000000| Untracked 
| 581|0x000000074b200000, 0x000000074b200000, 0x000000074b400000|  0%| F|  |TAMS 0x000000074b200000| PB 0x000000074b200000| Untracked 
| 582|0x000000074b400000, 0x000000074b400000, 0x000000074b600000|  0%| F|  |TAMS 0x000000074b400000| PB 0x000000074b400000| Untracked 
| 583|0x000000074b600000, 0x000000074b600000, 0x000000074b800000|  0%| F|  |TAMS 0x000000074b600000| PB 0x000000074b600000| Untracked 
| 584|0x000000074b800000, 0x000000074b800000, 0x000000074ba00000|  0%| F|  |TAMS 0x000000074b800000| PB 0x000000074b800000| Untracked 
| 585|0x000000074ba00000, 0x000000074ba00000, 0x000000074bc00000|  0%| F|  |TAMS 0x000000074ba00000| PB 0x000000074ba00000| Untracked 
| 586|0x000000074bc00000, 0x000000074bc00000, 0x000000074be00000|  0%| F|  |TAMS 0x000000074bc00000| PB 0x000000074bc00000| Untracked 
| 587|0x000000074be00000, 0x000000074be00000, 0x000000074c000000|  0%| F|  |TAMS 0x000000074be00000| PB 0x000000074be00000| Untracked 
| 588|0x000000074c000000, 0x000000074c000000, 0x000000074c200000|  0%| F|  |TAMS 0x000000074c000000| PB 0x000000074c000000| Untracked 
| 589|0x000000074c200000, 0x000000074c200000, 0x000000074c400000|  0%| F|  |TAMS 0x000000074c200000| PB 0x000000074c200000| Untracked 
| 590|0x000000074c400000, 0x000000074c400000, 0x000000074c600000|  0%| F|  |TAMS 0x000000074c400000| PB 0x000000074c400000| Untracked 
| 591|0x000000074c600000, 0x000000074c600000, 0x000000074c800000|  0%| F|  |TAMS 0x000000074c600000| PB 0x000000074c600000| Untracked 
| 592|0x000000074c800000, 0x000000074c800000, 0x000000074ca00000|  0%| F|  |TAMS 0x000000074c800000| PB 0x000000074c800000| Untracked 
| 593|0x000000074ca00000, 0x000000074ca00000, 0x000000074cc00000|  0%| F|  |TAMS 0x000000074ca00000| PB 0x000000074ca00000| Untracked 
| 594|0x000000074cc00000, 0x000000074cc00000, 0x000000074ce00000|  0%| F|  |TAMS 0x000000074cc00000| PB 0x000000074cc00000| Untracked 
| 595|0x000000074ce00000, 0x000000074ce00000, 0x000000074d000000|  0%| F|  |TAMS 0x000000074ce00000| PB 0x000000074ce00000| Untracked 
| 596|0x000000074d000000, 0x000000074d000000, 0x000000074d200000|  0%| F|  |TAMS 0x000000074d000000| PB 0x000000074d000000| Untracked 
| 597|0x000000074d200000, 0x000000074d200000, 0x000000074d400000|  0%| F|  |TAMS 0x000000074d200000| PB 0x000000074d200000| Untracked 
| 598|0x000000074d400000, 0x000000074d400000, 0x000000074d600000|  0%| F|  |TAMS 0x000000074d400000| PB 0x000000074d400000| Untracked 
| 599|0x000000074d600000, 0x000000074d600000, 0x000000074d800000|  0%| F|  |TAMS 0x000000074d600000| PB 0x000000074d600000| Untracked 
| 600|0x000000074d800000, 0x000000074d800000, 0x000000074da00000|  0%| F|  |TAMS 0x000000074d800000| PB 0x000000074d800000| Untracked 
| 601|0x000000074da00000, 0x000000074da00000, 0x000000074dc00000|  0%| F|  |TAMS 0x000000074da00000| PB 0x000000074da00000| Untracked 
| 602|0x000000074dc00000, 0x000000074dc00000, 0x000000074de00000|  0%| F|  |TAMS 0x000000074dc00000| PB 0x000000074dc00000| Untracked 
| 603|0x000000074de00000, 0x000000074de00000, 0x000000074e000000|  0%| F|  |TAMS 0x000000074de00000| PB 0x000000074de00000| Untracked 
| 604|0x000000074e000000, 0x000000074e000000, 0x000000074e200000|  0%| F|  |TAMS 0x000000074e000000| PB 0x000000074e000000| Untracked 
| 605|0x000000074e200000, 0x000000074e200000, 0x000000074e400000|  0%| F|  |TAMS 0x000000074e200000| PB 0x000000074e200000| Untracked 
| 606|0x000000074e400000, 0x000000074e400000, 0x000000074e600000|  0%| F|  |TAMS 0x000000074e400000| PB 0x000000074e400000| Untracked 
| 607|0x000000074e600000, 0x000000074e600000, 0x000000074e800000|  0%| F|  |TAMS 0x000000074e600000| PB 0x000000074e600000| Untracked 
| 608|0x000000074e800000, 0x000000074e800000, 0x000000074ea00000|  0%| F|  |TAMS 0x000000074e800000| PB 0x000000074e800000| Untracked 
| 609|0x000000074ea00000, 0x000000074ea00000, 0x000000074ec00000|  0%| F|  |TAMS 0x000000074ea00000| PB 0x000000074ea00000| Untracked 
| 610|0x000000074ec00000, 0x000000074ec00000, 0x000000074ee00000|  0%| F|  |TAMS 0x000000074ec00000| PB 0x000000074ec00000| Untracked 
| 611|0x000000074ee00000, 0x000000074ee00000, 0x000000074f000000|  0%| F|  |TAMS 0x000000074ee00000| PB 0x000000074ee00000| Untracked 
| 612|0x000000074f000000, 0x000000074f000000, 0x000000074f200000|  0%| F|  |TAMS 0x000000074f000000| PB 0x000000074f000000| Untracked 
| 613|0x000000074f200000, 0x000000074f200000, 0x000000074f400000|  0%| F|  |TAMS 0x000000074f200000| PB 0x000000074f200000| Untracked 
| 614|0x000000074f400000, 0x000000074f400000, 0x000000074f600000|  0%| F|  |TAMS 0x000000074f400000| PB 0x000000074f400000| Untracked 
| 615|0x000000074f600000, 0x000000074f600000, 0x000000074f800000|  0%| F|  |TAMS 0x000000074f600000| PB 0x000000074f600000| Untracked 
| 616|0x000000074f800000, 0x000000074f800000, 0x000000074fa00000|  0%| F|  |TAMS 0x000000074f800000| PB 0x000000074f800000| Untracked 
| 617|0x000000074fa00000, 0x000000074fa00000, 0x000000074fc00000|  0%| F|  |TAMS 0x000000074fa00000| PB 0x000000074fa00000| Untracked 
| 618|0x000000074fc00000, 0x000000074fc00000, 0x000000074fe00000|  0%| F|  |TAMS 0x000000074fc00000| PB 0x000000074fc00000| Untracked 
| 619|0x000000074fe00000, 0x000000074fe00000, 0x0000000750000000|  0%| F|  |TAMS 0x000000074fe00000| PB 0x000000074fe00000| Untracked 
| 620|0x0000000750000000, 0x0000000750000000, 0x0000000750200000|  0%| F|  |TAMS 0x0000000750000000| PB 0x0000000750000000| Untracked 
| 621|0x0000000750200000, 0x0000000750200000, 0x0000000750400000|  0%| F|  |TAMS 0x0000000750200000| PB 0x0000000750200000| Untracked 
| 622|0x0000000750400000, 0x0000000750400000, 0x0000000750600000|  0%| F|  |TAMS 0x0000000750400000| PB 0x0000000750400000| Untracked 
| 623|0x0000000750600000, 0x0000000750600000, 0x0000000750800000|  0%| F|  |TAMS 0x0000000750600000| PB 0x0000000750600000| Untracked 
| 624|0x0000000750800000, 0x0000000750800000, 0x0000000750a00000|  0%| F|  |TAMS 0x0000000750800000| PB 0x0000000750800000| Untracked 
| 625|0x0000000750a00000, 0x0000000750a00000, 0x0000000750c00000|  0%| F|  |TAMS 0x0000000750a00000| PB 0x0000000750a00000| Untracked 
| 626|0x0000000750c00000, 0x0000000750c00000, 0x0000000750e00000|  0%| F|  |TAMS 0x0000000750c00000| PB 0x0000000750c00000| Untracked 
| 627|0x0000000750e00000, 0x0000000750e00000, 0x0000000751000000|  0%| F|  |TAMS 0x0000000750e00000| PB 0x0000000750e00000| Untracked 
| 628|0x0000000751000000, 0x0000000751000000, 0x0000000751200000|  0%| F|  |TAMS 0x0000000751000000| PB 0x0000000751000000| Untracked 
| 629|0x0000000751200000, 0x0000000751200000, 0x0000000751400000|  0%| F|  |TAMS 0x0000000751200000| PB 0x0000000751200000| Untracked 
| 630|0x0000000751400000, 0x0000000751400000, 0x0000000751600000|  0%| F|  |TAMS 0x0000000751400000| PB 0x0000000751400000| Untracked 
| 631|0x0000000751600000, 0x0000000751600000, 0x0000000751800000|  0%| F|  |TAMS 0x0000000751600000| PB 0x0000000751600000| Untracked 
| 632|0x0000000751800000, 0x0000000751800000, 0x0000000751a00000|  0%| F|  |TAMS 0x0000000751800000| PB 0x0000000751800000| Untracked 
| 633|0x0000000751a00000, 0x0000000751a00000, 0x0000000751c00000|  0%| F|  |TAMS 0x0000000751a00000| PB 0x0000000751a00000| Untracked 
| 634|0x0000000751c00000, 0x0000000751c00000, 0x0000000751e00000|  0%| F|  |TAMS 0x0000000751c00000| PB 0x0000000751c00000| Untracked 
| 635|0x0000000751e00000, 0x0000000751e00000, 0x0000000752000000|  0%| F|  |TAMS 0x0000000751e00000| PB 0x0000000751e00000| Untracked 
| 636|0x0000000752000000, 0x0000000752000000, 0x0000000752200000|  0%| F|  |TAMS 0x0000000752000000| PB 0x0000000752000000| Untracked 
| 637|0x0000000752200000, 0x0000000752200000, 0x0000000752400000|  0%| F|  |TAMS 0x0000000752200000| PB 0x0000000752200000| Untracked 
| 638|0x0000000752400000, 0x0000000752400000, 0x0000000752600000|  0%| F|  |TAMS 0x0000000752400000| PB 0x0000000752400000| Untracked 
| 639|0x0000000752600000, 0x0000000752600000, 0x0000000752800000|  0%| F|  |TAMS 0x0000000752600000| PB 0x0000000752600000| Untracked 
| 640|0x0000000752800000, 0x0000000752800000, 0x0000000752a00000|  0%| F|  |TAMS 0x0000000752800000| PB 0x0000000752800000| Untracked 
| 641|0x0000000752a00000, 0x0000000752a00000, 0x0000000752c00000|  0%| F|  |TAMS 0x0000000752a00000| PB 0x0000000752a00000| Untracked 
| 642|0x0000000752c00000, 0x0000000752c00000, 0x0000000752e00000|  0%| F|  |TAMS 0x0000000752c00000| PB 0x0000000752c00000| Untracked 
| 643|0x0000000752e00000, 0x0000000752e00000, 0x0000000753000000|  0%| F|  |TAMS 0x0000000752e00000| PB 0x0000000752e00000| Untracked 
| 644|0x0000000753000000, 0x0000000753000000, 0x0000000753200000|  0%| F|  |TAMS 0x0000000753000000| PB 0x0000000753000000| Untracked 
| 645|0x0000000753200000, 0x0000000753200000, 0x0000000753400000|  0%| F|  |TAMS 0x0000000753200000| PB 0x0000000753200000| Untracked 
| 646|0x0000000753400000, 0x0000000753400000, 0x0000000753600000|  0%| F|  |TAMS 0x0000000753400000| PB 0x0000000753400000| Untracked 
| 647|0x0000000753600000, 0x0000000753600000, 0x0000000753800000|  0%| F|  |TAMS 0x0000000753600000| PB 0x0000000753600000| Untracked 
| 648|0x0000000753800000, 0x0000000753800000, 0x0000000753a00000|  0%| F|  |TAMS 0x0000000753800000| PB 0x0000000753800000| Untracked 
| 649|0x0000000753a00000, 0x0000000753a00000, 0x0000000753c00000|  0%| F|  |TAMS 0x0000000753a00000| PB 0x0000000753a00000| Untracked 
| 650|0x0000000753c00000, 0x0000000753c00000, 0x0000000753e00000|  0%| F|  |TAMS 0x0000000753c00000| PB 0x0000000753c00000| Untracked 
| 651|0x0000000753e00000, 0x0000000753e00000, 0x0000000754000000|  0%| F|  |TAMS 0x0000000753e00000| PB 0x0000000753e00000| Untracked 
| 652|0x0000000754000000, 0x0000000754000000, 0x0000000754200000|  0%| F|  |TAMS 0x0000000754000000| PB 0x0000000754000000| Untracked 
| 653|0x0000000754200000, 0x0000000754200000, 0x0000000754400000|  0%| F|  |TAMS 0x0000000754200000| PB 0x0000000754200000| Untracked 
| 654|0x0000000754400000, 0x0000000754400000, 0x0000000754600000|  0%| F|  |TAMS 0x0000000754400000| PB 0x0000000754400000| Untracked 
| 655|0x0000000754600000, 0x0000000754600000, 0x0000000754800000|  0%| F|  |TAMS 0x0000000754600000| PB 0x0000000754600000| Untracked 
| 656|0x0000000754800000, 0x0000000754800000, 0x0000000754a00000|  0%| F|  |TAMS 0x0000000754800000| PB 0x0000000754800000| Untracked 
| 657|0x0000000754a00000, 0x0000000754a00000, 0x0000000754c00000|  0%| F|  |TAMS 0x0000000754a00000| PB 0x0000000754a00000| Untracked 
| 658|0x0000000754c00000, 0x0000000754c00000, 0x0000000754e00000|  0%| F|  |TAMS 0x0000000754c00000| PB 0x0000000754c00000| Untracked 
| 659|0x0000000754e00000, 0x0000000754e00000, 0x0000000755000000|  0%| F|  |TAMS 0x0000000754e00000| PB 0x0000000754e00000| Untracked 
| 660|0x0000000755000000, 0x0000000755000000, 0x0000000755200000|  0%| F|  |TAMS 0x0000000755000000| PB 0x0000000755000000| Untracked 
| 661|0x0000000755200000, 0x0000000755200000, 0x0000000755400000|  0%| F|  |TAMS 0x0000000755200000| PB 0x0000000755200000| Untracked 
| 662|0x0000000755400000, 0x0000000755400000, 0x0000000755600000|  0%| F|  |TAMS 0x0000000755400000| PB 0x0000000755400000| Untracked 
| 663|0x0000000755600000, 0x0000000755600000, 0x0000000755800000|  0%| F|  |TAMS 0x0000000755600000| PB 0x0000000755600000| Untracked 
| 664|0x0000000755800000, 0x0000000755800000, 0x0000000755a00000|  0%| F|  |TAMS 0x0000000755800000| PB 0x0000000755800000| Untracked 
| 665|0x0000000755a00000, 0x0000000755a00000, 0x0000000755c00000|  0%| F|  |TAMS 0x0000000755a00000| PB 0x0000000755a00000| Untracked 
| 666|0x0000000755c00000, 0x0000000755c00000, 0x0000000755e00000|  0%| F|  |TAMS 0x0000000755c00000| PB 0x0000000755c00000| Untracked 
| 667|0x0000000755e00000, 0x0000000755e00000, 0x0000000756000000|  0%| F|  |TAMS 0x0000000755e00000| PB 0x0000000755e00000| Untracked 
| 668|0x0000000756000000, 0x0000000756000000, 0x0000000756200000|  0%| F|  |TAMS 0x0000000756000000| PB 0x0000000756000000| Untracked 
| 669|0x0000000756200000, 0x0000000756200000, 0x0000000756400000|  0%| F|  |TAMS 0x0000000756200000| PB 0x0000000756200000| Untracked 
| 670|0x0000000756400000, 0x0000000756400000, 0x0000000756600000|  0%| F|  |TAMS 0x0000000756400000| PB 0x0000000756400000| Untracked 
| 671|0x0000000756600000, 0x0000000756600000, 0x0000000756800000|  0%| F|  |TAMS 0x0000000756600000| PB 0x0000000756600000| Untracked 
| 672|0x0000000756800000, 0x0000000756800000, 0x0000000756a00000|  0%| F|  |TAMS 0x0000000756800000| PB 0x0000000756800000| Untracked 
| 673|0x0000000756a00000, 0x0000000756a00000, 0x0000000756c00000|  0%| F|  |TAMS 0x0000000756a00000| PB 0x0000000756a00000| Untracked 
| 674|0x0000000756c00000, 0x0000000756c00000, 0x0000000756e00000|  0%| F|  |TAMS 0x0000000756c00000| PB 0x0000000756c00000| Untracked 
| 675|0x0000000756e00000, 0x0000000756e00000, 0x0000000757000000|  0%| F|  |TAMS 0x0000000756e00000| PB 0x0000000756e00000| Untracked 
| 676|0x0000000757000000, 0x0000000757000000, 0x0000000757200000|  0%| F|  |TAMS 0x0000000757000000| PB 0x0000000757000000| Untracked 
| 677|0x0000000757200000, 0x0000000757200000, 0x0000000757400000|  0%| F|  |TAMS 0x0000000757200000| PB 0x0000000757200000| Untracked 
| 678|0x0000000757400000, 0x0000000757400000, 0x0000000757600000|  0%| F|  |TAMS 0x0000000757400000| PB 0x0000000757400000| Untracked 
| 679|0x0000000757600000, 0x0000000757600000, 0x0000000757800000|  0%| F|  |TAMS 0x0000000757600000| PB 0x0000000757600000| Untracked 
| 680|0x0000000757800000, 0x0000000757800000, 0x0000000757a00000|  0%| F|  |TAMS 0x0000000757800000| PB 0x0000000757800000| Untracked 
| 681|0x0000000757a00000, 0x0000000757a00000, 0x0000000757c00000|  0%| F|  |TAMS 0x0000000757a00000| PB 0x0000000757a00000| Untracked 
| 682|0x0000000757c00000, 0x0000000757c00000, 0x0000000757e00000|  0%| F|  |TAMS 0x0000000757c00000| PB 0x0000000757c00000| Untracked 
| 683|0x0000000757e00000, 0x0000000757e00000, 0x0000000758000000|  0%| F|  |TAMS 0x0000000757e00000| PB 0x0000000757e00000| Untracked 
| 684|0x0000000758000000, 0x0000000758000000, 0x0000000758200000|  0%| F|  |TAMS 0x0000000758000000| PB 0x0000000758000000| Untracked 
| 685|0x0000000758200000, 0x0000000758200000, 0x0000000758400000|  0%| F|  |TAMS 0x0000000758200000| PB 0x0000000758200000| Untracked 
| 686|0x0000000758400000, 0x0000000758400000, 0x0000000758600000|  0%| F|  |TAMS 0x0000000758400000| PB 0x0000000758400000| Untracked 
| 687|0x0000000758600000, 0x0000000758600000, 0x0000000758800000|  0%| F|  |TAMS 0x0000000758600000| PB 0x0000000758600000| Untracked 
| 688|0x0000000758800000, 0x0000000758800000, 0x0000000758a00000|  0%| F|  |TAMS 0x0000000758800000| PB 0x0000000758800000| Untracked 
| 689|0x0000000758a00000, 0x0000000758a00000, 0x0000000758c00000|  0%| F|  |TAMS 0x0000000758a00000| PB 0x0000000758a00000| Untracked 
| 690|0x0000000758c00000, 0x0000000758c00000, 0x0000000758e00000|  0%| F|  |TAMS 0x0000000758c00000| PB 0x0000000758c00000| Untracked 
| 691|0x0000000758e00000, 0x0000000758e00000, 0x0000000759000000|  0%| F|  |TAMS 0x0000000758e00000| PB 0x0000000758e00000| Untracked 
| 692|0x0000000759000000, 0x0000000759000000, 0x0000000759200000|  0%| F|  |TAMS 0x0000000759000000| PB 0x0000000759000000| Untracked 
| 693|0x0000000759200000, 0x0000000759200000, 0x0000000759400000|  0%| F|  |TAMS 0x0000000759200000| PB 0x0000000759200000| Untracked 
| 694|0x0000000759400000, 0x0000000759400000, 0x0000000759600000|  0%| F|  |TAMS 0x0000000759400000| PB 0x0000000759400000| Untracked 
| 695|0x0000000759600000, 0x0000000759600000, 0x0000000759800000|  0%| F|  |TAMS 0x0000000759600000| PB 0x0000000759600000| Untracked 
| 696|0x0000000759800000, 0x0000000759800000, 0x0000000759a00000|  0%| F|  |TAMS 0x0000000759800000| PB 0x0000000759800000| Untracked 
| 697|0x0000000759a00000, 0x0000000759a00000, 0x0000000759c00000|  0%| F|  |TAMS 0x0000000759a00000| PB 0x0000000759a00000| Untracked 
| 698|0x0000000759c00000, 0x0000000759c00000, 0x0000000759e00000|  0%| F|  |TAMS 0x0000000759c00000| PB 0x0000000759c00000| Untracked 
| 699|0x0000000759e00000, 0x0000000759e00000, 0x000000075a000000|  0%| F|  |TAMS 0x0000000759e00000| PB 0x0000000759e00000| Untracked 
| 700|0x000000075a000000, 0x000000075a000000, 0x000000075a200000|  0%| F|  |TAMS 0x000000075a000000| PB 0x000000075a000000| Untracked 
| 701|0x000000075a200000, 0x000000075a200000, 0x000000075a400000|  0%| F|  |TAMS 0x000000075a200000| PB 0x000000075a200000| Untracked 
| 702|0x000000075a400000, 0x000000075a400000, 0x000000075a600000|  0%| F|  |TAMS 0x000000075a400000| PB 0x000000075a400000| Untracked 
| 703|0x000000075a600000, 0x000000075a600000, 0x000000075a800000|  0%| F|  |TAMS 0x000000075a600000| PB 0x000000075a600000| Untracked 
| 704|0x000000075a800000, 0x000000075a800000, 0x000000075aa00000|  0%| F|  |TAMS 0x000000075a800000| PB 0x000000075a800000| Untracked 
| 705|0x000000075aa00000, 0x000000075aa00000, 0x000000075ac00000|  0%| F|  |TAMS 0x000000075aa00000| PB 0x000000075aa00000| Untracked 
| 706|0x000000075ac00000, 0x000000075ac00000, 0x000000075ae00000|  0%| F|  |TAMS 0x000000075ac00000| PB 0x000000075ac00000| Untracked 
| 707|0x000000075ae00000, 0x000000075ae00000, 0x000000075b000000|  0%| F|  |TAMS 0x000000075ae00000| PB 0x000000075ae00000| Untracked 
| 708|0x000000075b000000, 0x000000075b000000, 0x000000075b200000|  0%| F|  |TAMS 0x000000075b000000| PB 0x000000075b000000| Untracked 
| 709|0x000000075b200000, 0x000000075b200000, 0x000000075b400000|  0%| F|  |TAMS 0x000000075b200000| PB 0x000000075b200000| Untracked 
| 710|0x000000075b400000, 0x000000075b516140, 0x000000075b600000| 54%| E|  |TAMS 0x000000075b400000| PB 0x000000075b400000| Complete 
| 711|0x000000075b600000, 0x000000075b800000, 0x000000075b800000|100%| E|CS|TAMS 0x000000075b600000| PB 0x000000075b600000| Complete 
| 712|0x000000075b800000, 0x000000075ba00000, 0x000000075ba00000|100%| E|CS|TAMS 0x000000075b800000| PB 0x000000075b800000| Complete 
| 713|0x000000075ba00000, 0x000000075bc00000, 0x000000075bc00000|100%| E|CS|TAMS 0x000000075ba00000| PB 0x000000075ba00000| Complete 
| 714|0x000000075bc00000, 0x000000075be00000, 0x000000075be00000|100%| E|CS|TAMS 0x000000075bc00000| PB 0x000000075bc00000| Complete 
| 715|0x000000075be00000, 0x000000075c000000, 0x000000075c000000|100%| E|CS|TAMS 0x000000075be00000| PB 0x000000075be00000| Complete 
| 716|0x000000075c000000, 0x000000075c200000, 0x000000075c200000|100%| E|CS|TAMS 0x000000075c000000| PB 0x000000075c000000| Complete 
| 717|0x000000075c200000, 0x000000075c400000, 0x000000075c400000|100%| E|CS|TAMS 0x000000075c200000| PB 0x000000075c200000| Complete 
| 718|0x000000075c400000, 0x000000075c600000, 0x000000075c600000|100%| E|CS|TAMS 0x000000075c400000| PB 0x000000075c400000| Complete 
| 719|0x000000075c600000, 0x000000075c800000, 0x000000075c800000|100%| E|CS|TAMS 0x000000075c600000| PB 0x000000075c600000| Complete 
| 720|0x000000075c800000, 0x000000075ca00000, 0x000000075ca00000|100%| E|CS|TAMS 0x000000075c800000| PB 0x000000075c800000| Complete 
| 721|0x000000075ca00000, 0x000000075cc00000, 0x000000075cc00000|100%| E|CS|TAMS 0x000000075ca00000| PB 0x000000075ca00000| Complete 
| 722|0x000000075cc00000, 0x000000075ce00000, 0x000000075ce00000|100%| E|CS|TAMS 0x000000075cc00000| PB 0x000000075cc00000| Complete 
| 723|0x000000075ce00000, 0x000000075d000000, 0x000000075d000000|100%| E|CS|TAMS 0x000000075ce00000| PB 0x000000075ce00000| Complete 
| 724|0x000000075d000000, 0x000000075d200000, 0x000000075d200000|100%| E|CS|TAMS 0x000000075d000000| PB 0x000000075d000000| Complete 
| 725|0x000000075d200000, 0x000000075d400000, 0x000000075d400000|100%| E|CS|TAMS 0x000000075d200000| PB 0x000000075d200000| Complete 
| 726|0x000000075d400000, 0x000000075d600000, 0x000000075d600000|100%| E|CS|TAMS 0x000000075d400000| PB 0x000000075d400000| Complete 
| 727|0x000000075d600000, 0x000000075d800000, 0x000000075d800000|100%| E|CS|TAMS 0x000000075d600000| PB 0x000000075d600000| Complete 
| 728|0x000000075d800000, 0x000000075da00000, 0x000000075da00000|100%| E|CS|TAMS 0x000000075d800000| PB 0x000000075d800000| Complete 
| 729|0x000000075da00000, 0x000000075dc00000, 0x000000075dc00000|100%| E|CS|TAMS 0x000000075da00000| PB 0x000000075da00000| Complete 
| 730|0x000000075dc00000, 0x000000075de00000, 0x000000075de00000|100%| E|CS|TAMS 0x000000075dc00000| PB 0x000000075dc00000| Complete 
| 731|0x000000075de00000, 0x000000075e000000, 0x000000075e000000|100%| E|CS|TAMS 0x000000075de00000| PB 0x000000075de00000| Complete 
| 732|0x000000075e000000, 0x000000075e200000, 0x000000075e200000|100%| E|CS|TAMS 0x000000075e000000| PB 0x000000075e000000| Complete 
| 733|0x000000075e200000, 0x000000075e400000, 0x000000075e400000|100%| E|CS|TAMS 0x000000075e200000| PB 0x000000075e200000| Complete 
| 734|0x000000075e400000, 0x000000075e600000, 0x000000075e600000|100%| E|CS|TAMS 0x000000075e400000| PB 0x000000075e400000| Complete 
| 735|0x000000075e600000, 0x000000075e800000, 0x000000075e800000|100%| E|CS|TAMS 0x000000075e600000| PB 0x000000075e600000| Complete 
| 736|0x000000075e800000, 0x000000075ea00000, 0x000000075ea00000|100%| E|CS|TAMS 0x000000075e800000| PB 0x000000075e800000| Complete 
| 737|0x000000075ea00000, 0x000000075ec00000, 0x000000075ec00000|100%| E|CS|TAMS 0x000000075ea00000| PB 0x000000075ea00000| Complete 
| 738|0x000000075ec00000, 0x000000075ee00000, 0x000000075ee00000|100%| E|CS|TAMS 0x000000075ec00000| PB 0x000000075ec00000| Complete 
| 739|0x000000075ee00000, 0x000000075f000000, 0x000000075f000000|100%| E|CS|TAMS 0x000000075ee00000| PB 0x000000075ee00000| Complete 
| 740|0x000000075f000000, 0x000000075f200000, 0x000000075f200000|100%| E|CS|TAMS 0x000000075f000000| PB 0x000000075f000000| Complete 
| 741|0x000000075f200000, 0x000000075f400000, 0x000000075f400000|100%| E|CS|TAMS 0x000000075f200000| PB 0x000000075f200000| Complete 
| 742|0x000000075f400000, 0x000000075f600000, 0x000000075f600000|100%| E|CS|TAMS 0x000000075f400000| PB 0x000000075f400000| Complete 
| 743|0x000000075f600000, 0x000000075f800000, 0x000000075f800000|100%| E|CS|TAMS 0x000000075f600000| PB 0x000000075f600000| Complete 
| 744|0x000000075f800000, 0x000000075fa00000, 0x000000075fa00000|100%| E|CS|TAMS 0x000000075f800000| PB 0x000000075f800000| Complete 
| 745|0x000000075fa00000, 0x000000075fc00000, 0x000000075fc00000|100%| E|CS|TAMS 0x000000075fa00000| PB 0x000000075fa00000| Complete 
| 746|0x000000075fc00000, 0x000000075fe00000, 0x000000075fe00000|100%| E|CS|TAMS 0x000000075fc00000| PB 0x000000075fc00000| Complete 
| 747|0x000000075fe00000, 0x0000000760000000, 0x0000000760000000|100%| E|CS|TAMS 0x000000075fe00000| PB 0x000000075fe00000| Complete 
| 748|0x0000000760000000, 0x0000000760200000, 0x0000000760200000|100%| E|CS|TAMS 0x0000000760000000| PB 0x0000000760000000| Complete 
| 749|0x0000000760200000, 0x0000000760400000, 0x0000000760400000|100%| E|CS|TAMS 0x0000000760200000| PB 0x0000000760200000| Complete 
| 750|0x0000000760400000, 0x0000000760600000, 0x0000000760600000|100%| E|CS|TAMS 0x0000000760400000| PB 0x0000000760400000| Complete 
| 751|0x0000000760600000, 0x0000000760800000, 0x0000000760800000|100%| E|CS|TAMS 0x0000000760600000| PB 0x0000000760600000| Complete 
| 752|0x0000000760800000, 0x0000000760a00000, 0x0000000760a00000|100%| E|CS|TAMS 0x0000000760800000| PB 0x0000000760800000| Complete 
| 753|0x0000000760a00000, 0x0000000760c00000, 0x0000000760c00000|100%| E|CS|TAMS 0x0000000760a00000| PB 0x0000000760a00000| Complete 
| 754|0x0000000760c00000, 0x0000000760e00000, 0x0000000760e00000|100%| E|CS|TAMS 0x0000000760c00000| PB 0x0000000760c00000| Complete 
| 755|0x0000000760e00000, 0x0000000761000000, 0x0000000761000000|100%| E|CS|TAMS 0x0000000760e00000| PB 0x0000000760e00000| Complete 
| 756|0x0000000761000000, 0x0000000761200000, 0x0000000761200000|100%| E|CS|TAMS 0x0000000761000000| PB 0x0000000761000000| Complete 
| 757|0x0000000761200000, 0x0000000761400000, 0x0000000761400000|100%| E|CS|TAMS 0x0000000761200000| PB 0x0000000761200000| Complete 
| 758|0x0000000761400000, 0x0000000761600000, 0x0000000761600000|100%| E|CS|TAMS 0x0000000761400000| PB 0x0000000761400000| Complete 
| 759|0x0000000761600000, 0x0000000761800000, 0x0000000761800000|100%| E|CS|TAMS 0x0000000761600000| PB 0x0000000761600000| Complete 
| 760|0x0000000761800000, 0x0000000761a00000, 0x0000000761a00000|100%| E|CS|TAMS 0x0000000761800000| PB 0x0000000761800000| Complete 
| 761|0x0000000761a00000, 0x0000000761c00000, 0x0000000761c00000|100%| E|CS|TAMS 0x0000000761a00000| PB 0x0000000761a00000| Complete 
| 762|0x0000000761c00000, 0x0000000761e00000, 0x0000000761e00000|100%| E|CS|TAMS 0x0000000761c00000| PB 0x0000000761c00000| Complete 
| 763|0x0000000761e00000, 0x0000000762000000, 0x0000000762000000|100%| E|CS|TAMS 0x0000000761e00000| PB 0x0000000761e00000| Complete 
| 764|0x0000000762000000, 0x0000000762200000, 0x0000000762200000|100%| E|CS|TAMS 0x0000000762000000| PB 0x0000000762000000| Complete 
| 765|0x0000000762200000, 0x0000000762400000, 0x0000000762400000|100%| E|CS|TAMS 0x0000000762200000| PB 0x0000000762200000| Complete 
| 766|0x0000000762400000, 0x0000000762600000, 0x0000000762600000|100%| E|CS|TAMS 0x0000000762400000| PB 0x0000000762400000| Complete 
| 767|0x0000000762600000, 0x0000000762800000, 0x0000000762800000|100%| E|CS|TAMS 0x0000000762600000| PB 0x0000000762600000| Complete 
| 768|0x0000000762800000, 0x0000000762a00000, 0x0000000762a00000|100%| E|CS|TAMS 0x0000000762800000| PB 0x0000000762800000| Complete 
| 769|0x0000000762a00000, 0x0000000762c00000, 0x0000000762c00000|100%| E|CS|TAMS 0x0000000762a00000| PB 0x0000000762a00000| Complete 
| 770|0x0000000762c00000, 0x0000000762e00000, 0x0000000762e00000|100%| E|CS|TAMS 0x0000000762c00000| PB 0x0000000762c00000| Complete 
| 771|0x0000000762e00000, 0x0000000763000000, 0x0000000763000000|100%| E|CS|TAMS 0x0000000762e00000| PB 0x0000000762e00000| Complete 
| 772|0x0000000763000000, 0x0000000763200000, 0x0000000763200000|100%| E|CS|TAMS 0x0000000763000000| PB 0x0000000763000000| Complete 
| 773|0x0000000763200000, 0x0000000763400000, 0x0000000763400000|100%| E|CS|TAMS 0x0000000763200000| PB 0x0000000763200000| Complete 
| 774|0x0000000763400000, 0x0000000763600000, 0x0000000763600000|100%| E|CS|TAMS 0x0000000763400000| PB 0x0000000763400000| Complete 
| 775|0x0000000763600000, 0x0000000763800000, 0x0000000763800000|100%| E|CS|TAMS 0x0000000763600000| PB 0x0000000763600000| Complete 
| 776|0x0000000763800000, 0x0000000763a00000, 0x0000000763a00000|100%| E|CS|TAMS 0x0000000763800000| PB 0x0000000763800000| Complete 
| 777|0x0000000763a00000, 0x0000000763c00000, 0x0000000763c00000|100%| E|CS|TAMS 0x0000000763a00000| PB 0x0000000763a00000| Complete 
| 778|0x0000000763c00000, 0x0000000763e00000, 0x0000000763e00000|100%| E|CS|TAMS 0x0000000763c00000| PB 0x0000000763c00000| Complete 
| 779|0x0000000763e00000, 0x0000000764000000, 0x0000000764000000|100%| E|CS|TAMS 0x0000000763e00000| PB 0x0000000763e00000| Complete 
| 780|0x0000000764000000, 0x0000000764200000, 0x0000000764200000|100%| E|CS|TAMS 0x0000000764000000| PB 0x0000000764000000| Complete 
| 781|0x0000000764200000, 0x0000000764400000, 0x0000000764400000|100%| E|CS|TAMS 0x0000000764200000| PB 0x0000000764200000| Complete 
| 782|0x0000000764400000, 0x0000000764600000, 0x0000000764600000|100%| E|CS|TAMS 0x0000000764400000| PB 0x0000000764400000| Complete 
| 783|0x0000000764600000, 0x0000000764800000, 0x0000000764800000|100%| E|CS|TAMS 0x0000000764600000| PB 0x0000000764600000| Complete 
| 784|0x0000000764800000, 0x0000000764a00000, 0x0000000764a00000|100%| E|CS|TAMS 0x0000000764800000| PB 0x0000000764800000| Complete 
| 785|0x0000000764a00000, 0x0000000764c00000, 0x0000000764c00000|100%| E|CS|TAMS 0x0000000764a00000| PB 0x0000000764a00000| Complete 
| 786|0x0000000764c00000, 0x0000000764e00000, 0x0000000764e00000|100%| E|CS|TAMS 0x0000000764c00000| PB 0x0000000764c00000| Complete 
| 787|0x0000000764e00000, 0x0000000765000000, 0x0000000765000000|100%| E|CS|TAMS 0x0000000764e00000| PB 0x0000000764e00000| Complete 
| 788|0x0000000765000000, 0x0000000765200000, 0x0000000765200000|100%| E|CS|TAMS 0x0000000765000000| PB 0x0000000765000000| Complete 
| 789|0x0000000765200000, 0x0000000765400000, 0x0000000765400000|100%| E|CS|TAMS 0x0000000765200000| PB 0x0000000765200000| Complete 
| 790|0x0000000765400000, 0x0000000765600000, 0x0000000765600000|100%| E|CS|TAMS 0x0000000765400000| PB 0x0000000765400000| Complete 
| 791|0x0000000765600000, 0x0000000765800000, 0x0000000765800000|100%| E|CS|TAMS 0x0000000765600000| PB 0x0000000765600000| Complete 
| 792|0x0000000765800000, 0x0000000765a00000, 0x0000000765a00000|100%| E|CS|TAMS 0x0000000765800000| PB 0x0000000765800000| Complete 
| 793|0x0000000765a00000, 0x0000000765c00000, 0x0000000765c00000|100%| E|CS|TAMS 0x0000000765a00000| PB 0x0000000765a00000| Complete 
| 794|0x0000000765c00000, 0x0000000765e00000, 0x0000000765e00000|100%| E|CS|TAMS 0x0000000765c00000| PB 0x0000000765c00000| Complete 
| 795|0x0000000765e00000, 0x0000000766000000, 0x0000000766000000|100%| E|CS|TAMS 0x0000000765e00000| PB 0x0000000765e00000| Complete 
| 796|0x0000000766000000, 0x0000000766200000, 0x0000000766200000|100%| E|CS|TAMS 0x0000000766000000| PB 0x0000000766000000| Complete 
| 797|0x0000000766200000, 0x0000000766400000, 0x0000000766400000|100%| E|CS|TAMS 0x0000000766200000| PB 0x0000000766200000| Complete 
| 798|0x0000000766400000, 0x0000000766600000, 0x0000000766600000|100%| E|CS|TAMS 0x0000000766400000| PB 0x0000000766400000| Complete 
| 799|0x0000000766600000, 0x0000000766800000, 0x0000000766800000|100%| E|CS|TAMS 0x0000000766600000| PB 0x0000000766600000| Complete 
| 800|0x0000000766800000, 0x0000000766a00000, 0x0000000766a00000|100%| E|CS|TAMS 0x0000000766800000| PB 0x0000000766800000| Complete 
| 801|0x0000000766a00000, 0x0000000766c00000, 0x0000000766c00000|100%| E|CS|TAMS 0x0000000766a00000| PB 0x0000000766a00000| Complete 
| 802|0x0000000766c00000, 0x0000000766e00000, 0x0000000766e00000|100%| E|CS|TAMS 0x0000000766c00000| PB 0x0000000766c00000| Complete 
| 803|0x0000000766e00000, 0x0000000767000000, 0x0000000767000000|100%| E|CS|TAMS 0x0000000766e00000| PB 0x0000000766e00000| Complete 
| 804|0x0000000767000000, 0x0000000767200000, 0x0000000767200000|100%| E|CS|TAMS 0x0000000767000000| PB 0x0000000767000000| Complete 
| 805|0x0000000767200000, 0x0000000767400000, 0x0000000767400000|100%| E|CS|TAMS 0x0000000767200000| PB 0x0000000767200000| Complete 
| 806|0x0000000767400000, 0x0000000767600000, 0x0000000767600000|100%| E|CS|TAMS 0x0000000767400000| PB 0x0000000767400000| Complete 
| 807|0x0000000767600000, 0x0000000767800000, 0x0000000767800000|100%| E|CS|TAMS 0x0000000767600000| PB 0x0000000767600000| Complete 
| 808|0x0000000767800000, 0x0000000767a00000, 0x0000000767a00000|100%| E|CS|TAMS 0x0000000767800000| PB 0x0000000767800000| Complete 
| 809|0x0000000767a00000, 0x0000000767c00000, 0x0000000767c00000|100%| E|CS|TAMS 0x0000000767a00000| PB 0x0000000767a00000| Complete 
| 810|0x0000000767c00000, 0x0000000767e00000, 0x0000000767e00000|100%| E|CS|TAMS 0x0000000767c00000| PB 0x0000000767c00000| Complete 
| 811|0x0000000767e00000, 0x0000000768000000, 0x0000000768000000|100%| E|CS|TAMS 0x0000000767e00000| PB 0x0000000767e00000| Complete 
| 812|0x0000000768000000, 0x0000000768200000, 0x0000000768200000|100%| E|CS|TAMS 0x0000000768000000| PB 0x0000000768000000| Complete 
| 813|0x0000000768200000, 0x0000000768400000, 0x0000000768400000|100%| E|CS|TAMS 0x0000000768200000| PB 0x0000000768200000| Complete 
| 814|0x0000000768400000, 0x0000000768600000, 0x0000000768600000|100%| E|CS|TAMS 0x0000000768400000| PB 0x0000000768400000| Complete 
| 815|0x0000000768600000, 0x0000000768800000, 0x0000000768800000|100%| E|CS|TAMS 0x0000000768600000| PB 0x0000000768600000| Complete 
| 816|0x0000000768800000, 0x0000000768a00000, 0x0000000768a00000|100%| E|CS|TAMS 0x0000000768800000| PB 0x0000000768800000| Complete 
| 817|0x0000000768a00000, 0x0000000768c00000, 0x0000000768c00000|100%| E|CS|TAMS 0x0000000768a00000| PB 0x0000000768a00000| Complete 
| 818|0x0000000768c00000, 0x0000000768e00000, 0x0000000768e00000|100%| E|CS|TAMS 0x0000000768c00000| PB 0x0000000768c00000| Complete 
| 819|0x0000000768e00000, 0x0000000769000000, 0x0000000769000000|100%| E|CS|TAMS 0x0000000768e00000| PB 0x0000000768e00000| Complete 
| 820|0x0000000769000000, 0x0000000769200000, 0x0000000769200000|100%| E|CS|TAMS 0x0000000769000000| PB 0x0000000769000000| Complete 
| 821|0x0000000769200000, 0x0000000769400000, 0x0000000769400000|100%| E|CS|TAMS 0x0000000769200000| PB 0x0000000769200000| Complete 
| 822|0x0000000769400000, 0x0000000769600000, 0x0000000769600000|100%| E|CS|TAMS 0x0000000769400000| PB 0x0000000769400000| Complete 
| 823|0x0000000769600000, 0x0000000769800000, 0x0000000769800000|100%| E|CS|TAMS 0x0000000769600000| PB 0x0000000769600000| Complete 
| 824|0x0000000769800000, 0x0000000769a00000, 0x0000000769a00000|100%| E|CS|TAMS 0x0000000769800000| PB 0x0000000769800000| Complete 
| 825|0x0000000769a00000, 0x0000000769c00000, 0x0000000769c00000|100%| E|CS|TAMS 0x0000000769a00000| PB 0x0000000769a00000| Complete 
| 826|0x0000000769c00000, 0x0000000769e00000, 0x0000000769e00000|100%| E|CS|TAMS 0x0000000769c00000| PB 0x0000000769c00000| Complete 
| 827|0x0000000769e00000, 0x000000076a000000, 0x000000076a000000|100%| E|CS|TAMS 0x0000000769e00000| PB 0x0000000769e00000| Complete 
| 828|0x000000076a000000, 0x000000076a200000, 0x000000076a200000|100%| E|CS|TAMS 0x000000076a000000| PB 0x000000076a000000| Complete 
| 829|0x000000076a200000, 0x000000076a400000, 0x000000076a400000|100%| E|CS|TAMS 0x000000076a200000| PB 0x000000076a200000| Complete 
| 830|0x000000076a400000, 0x000000076a600000, 0x000000076a600000|100%| E|CS|TAMS 0x000000076a400000| PB 0x000000076a400000| Complete 
| 831|0x000000076a600000, 0x000000076a800000, 0x000000076a800000|100%| E|CS|TAMS 0x000000076a600000| PB 0x000000076a600000| Complete 
| 832|0x000000076a800000, 0x000000076aa00000, 0x000000076aa00000|100%| E|CS|TAMS 0x000000076a800000| PB 0x000000076a800000| Complete 
| 833|0x000000076aa00000, 0x000000076ac00000, 0x000000076ac00000|100%| E|CS|TAMS 0x000000076aa00000| PB 0x000000076aa00000| Complete 
| 834|0x000000076ac00000, 0x000000076ae00000, 0x000000076ae00000|100%| E|CS|TAMS 0x000000076ac00000| PB 0x000000076ac00000| Complete 
| 835|0x000000076ae00000, 0x000000076b000000, 0x000000076b000000|100%| E|CS|TAMS 0x000000076ae00000| PB 0x000000076ae00000| Complete 
| 836|0x000000076b000000, 0x000000076b200000, 0x000000076b200000|100%| E|CS|TAMS 0x000000076b000000| PB 0x000000076b000000| Complete 
| 837|0x000000076b200000, 0x000000076b400000, 0x000000076b400000|100%| E|CS|TAMS 0x000000076b200000| PB 0x000000076b200000| Complete 
| 838|0x000000076b400000, 0x000000076b600000, 0x000000076b600000|100%| E|CS|TAMS 0x000000076b400000| PB 0x000000076b400000| Complete 
| 839|0x000000076b600000, 0x000000076b800000, 0x000000076b800000|100%| E|CS|TAMS 0x000000076b600000| PB 0x000000076b600000| Complete 
| 840|0x000000076b800000, 0x000000076ba00000, 0x000000076ba00000|100%| E|CS|TAMS 0x000000076b800000| PB 0x000000076b800000| Complete 
| 841|0x000000076ba00000, 0x000000076bc00000, 0x000000076bc00000|100%| E|CS|TAMS 0x000000076ba00000| PB 0x000000076ba00000| Complete 
| 842|0x000000076bc00000, 0x000000076be00000, 0x000000076be00000|100%| E|CS|TAMS 0x000000076bc00000| PB 0x000000076bc00000| Complete 
| 843|0x000000076be00000, 0x000000076c000000, 0x000000076c000000|100%| E|CS|TAMS 0x000000076be00000| PB 0x000000076be00000| Complete 
| 844|0x000000076c000000, 0x000000076c200000, 0x000000076c200000|100%| E|CS|TAMS 0x000000076c000000| PB 0x000000076c000000| Complete 
| 845|0x000000076c200000, 0x000000076c400000, 0x000000076c400000|100%| E|CS|TAMS 0x000000076c200000| PB 0x000000076c200000| Complete 
| 846|0x000000076c400000, 0x000000076c600000, 0x000000076c600000|100%| E|CS|TAMS 0x000000076c400000| PB 0x000000076c400000| Complete 
| 847|0x000000076c600000, 0x000000076c800000, 0x000000076c800000|100%| E|CS|TAMS 0x000000076c600000| PB 0x000000076c600000| Complete 
| 848|0x000000076c800000, 0x000000076ca00000, 0x000000076ca00000|100%| E|CS|TAMS 0x000000076c800000| PB 0x000000076c800000| Complete 
| 849|0x000000076ca00000, 0x000000076cc00000, 0x000000076cc00000|100%| E|CS|TAMS 0x000000076ca00000| PB 0x000000076ca00000| Complete 
| 850|0x000000076cc00000, 0x000000076ce00000, 0x000000076ce00000|100%| E|CS|TAMS 0x000000076cc00000| PB 0x000000076cc00000| Complete 
| 851|0x000000076ce00000, 0x000000076d000000, 0x000000076d000000|100%| E|CS|TAMS 0x000000076ce00000| PB 0x000000076ce00000| Complete 
| 852|0x000000076d000000, 0x000000076d200000, 0x000000076d200000|100%| E|CS|TAMS 0x000000076d000000| PB 0x000000076d000000| Complete 
| 853|0x000000076d200000, 0x000000076d400000, 0x000000076d400000|100%| E|CS|TAMS 0x000000076d200000| PB 0x000000076d200000| Complete 
| 854|0x000000076d400000, 0x000000076d600000, 0x000000076d600000|100%| E|CS|TAMS 0x000000076d400000| PB 0x000000076d400000| Complete 
| 855|0x000000076d600000, 0x000000076d800000, 0x000000076d800000|100%| E|CS|TAMS 0x000000076d600000| PB 0x000000076d600000| Complete 
| 856|0x000000076d800000, 0x000000076da00000, 0x000000076da00000|100%| E|CS|TAMS 0x000000076d800000| PB 0x000000076d800000| Complete 
| 857|0x000000076da00000, 0x000000076dc00000, 0x000000076dc00000|100%| E|CS|TAMS 0x000000076da00000| PB 0x000000076da00000| Complete 
| 858|0x000000076dc00000, 0x000000076de00000, 0x000000076de00000|100%| E|CS|TAMS 0x000000076dc00000| PB 0x000000076dc00000| Complete 
| 859|0x000000076de00000, 0x000000076e000000, 0x000000076e000000|100%| E|CS|TAMS 0x000000076de00000| PB 0x000000076de00000| Complete 
| 860|0x000000076e000000, 0x000000076e200000, 0x000000076e200000|100%| E|CS|TAMS 0x000000076e000000| PB 0x000000076e000000| Complete 
| 861|0x000000076e200000, 0x000000076e400000, 0x000000076e400000|100%| E|CS|TAMS 0x000000076e200000| PB 0x000000076e200000| Complete 
| 862|0x000000076e400000, 0x000000076e600000, 0x000000076e600000|100%| E|CS|TAMS 0x000000076e400000| PB 0x000000076e400000| Complete 
| 863|0x000000076e600000, 0x000000076e800000, 0x000000076e800000|100%| E|CS|TAMS 0x000000076e600000| PB 0x000000076e600000| Complete 
| 864|0x000000076e800000, 0x000000076ea00000, 0x000000076ea00000|100%| E|CS|TAMS 0x000000076e800000| PB 0x000000076e800000| Complete 
| 865|0x000000076ea00000, 0x000000076ec00000, 0x000000076ec00000|100%| E|CS|TAMS 0x000000076ea00000| PB 0x000000076ea00000| Complete 
| 866|0x000000076ec00000, 0x000000076ee00000, 0x000000076ee00000|100%| E|CS|TAMS 0x000000076ec00000| PB 0x000000076ec00000| Complete 
| 867|0x000000076ee00000, 0x000000076f000000, 0x000000076f000000|100%| E|CS|TAMS 0x000000076ee00000| PB 0x000000076ee00000| Complete 
| 868|0x000000076f000000, 0x000000076f200000, 0x000000076f200000|100%| E|CS|TAMS 0x000000076f000000| PB 0x000000076f000000| Complete 
| 869|0x000000076f200000, 0x000000076f400000, 0x000000076f400000|100%| E|CS|TAMS 0x000000076f200000| PB 0x000000076f200000| Complete 
| 870|0x000000076f400000, 0x000000076f600000, 0x000000076f600000|100%| E|CS|TAMS 0x000000076f400000| PB 0x000000076f400000| Complete 
| 871|0x000000076f600000, 0x000000076f800000, 0x000000076f800000|100%| E|CS|TAMS 0x000000076f600000| PB 0x000000076f600000| Complete 
| 872|0x000000076f800000, 0x000000076fa00000, 0x000000076fa00000|100%| E|CS|TAMS 0x000000076f800000| PB 0x000000076f800000| Complete 
| 873|0x000000076fa00000, 0x000000076fc00000, 0x000000076fc00000|100%| E|CS|TAMS 0x000000076fa00000| PB 0x000000076fa00000| Complete 
| 874|0x000000076fc00000, 0x000000076fe00000, 0x000000076fe00000|100%| E|CS|TAMS 0x000000076fc00000| PB 0x000000076fc00000| Complete 
| 875|0x000000076fe00000, 0x0000000770000000, 0x0000000770000000|100%| E|CS|TAMS 0x000000076fe00000| PB 0x000000076fe00000| Complete 
| 876|0x0000000770000000, 0x0000000770200000, 0x0000000770200000|100%| E|CS|TAMS 0x0000000770000000| PB 0x0000000770000000| Complete 
| 877|0x0000000770200000, 0x0000000770400000, 0x0000000770400000|100%| E|CS|TAMS 0x0000000770200000| PB 0x0000000770200000| Complete 
| 878|0x0000000770400000, 0x0000000770600000, 0x0000000770600000|100%| E|CS|TAMS 0x0000000770400000| PB 0x0000000770400000| Complete 
| 879|0x0000000770600000, 0x0000000770800000, 0x0000000770800000|100%| E|CS|TAMS 0x0000000770600000| PB 0x0000000770600000| Complete 
| 880|0x0000000770800000, 0x0000000770a00000, 0x0000000770a00000|100%| E|CS|TAMS 0x0000000770800000| PB 0x0000000770800000| Complete 
| 881|0x0000000770a00000, 0x0000000770c00000, 0x0000000770c00000|100%| E|CS|TAMS 0x0000000770a00000| PB 0x0000000770a00000| Complete 
| 882|0x0000000770c00000, 0x0000000770e00000, 0x0000000770e00000|100%| E|  |TAMS 0x0000000770c00000| PB 0x0000000770c00000| Complete 
| 883|0x0000000770e00000, 0x0000000771000000, 0x0000000771000000|100%| E|CS|TAMS 0x0000000770e00000| PB 0x0000000770e00000| Complete 
| 884|0x0000000771000000, 0x0000000771200000, 0x0000000771200000|100%| E|CS|TAMS 0x0000000771000000| PB 0x0000000771000000| Complete 
| 885|0x0000000771200000, 0x0000000771400000, 0x0000000771400000|100%| E|CS|TAMS 0x0000000771200000| PB 0x0000000771200000| Complete 
| 886|0x0000000771400000, 0x0000000771600000, 0x0000000771600000|100%| E|CS|TAMS 0x0000000771400000| PB 0x0000000771400000| Complete 
| 887|0x0000000771600000, 0x0000000771800000, 0x0000000771800000|100%| E|CS|TAMS 0x0000000771600000| PB 0x0000000771600000| Complete 
| 888|0x0000000771800000, 0x0000000771a00000, 0x0000000771a00000|100%| E|CS|TAMS 0x0000000771800000| PB 0x0000000771800000| Complete 
| 889|0x0000000771a00000, 0x0000000771c00000, 0x0000000771c00000|100%| E|CS|TAMS 0x0000000771a00000| PB 0x0000000771a00000| Complete 
| 890|0x0000000771c00000, 0x0000000771e00000, 0x0000000771e00000|100%| E|CS|TAMS 0x0000000771c00000| PB 0x0000000771c00000| Complete 
| 891|0x0000000771e00000, 0x0000000772000000, 0x0000000772000000|100%| E|CS|TAMS 0x0000000771e00000| PB 0x0000000771e00000| Complete 
| 892|0x0000000772000000, 0x0000000772200000, 0x0000000772200000|100%| E|CS|TAMS 0x0000000772000000| PB 0x0000000772000000| Complete 
| 893|0x0000000772200000, 0x0000000772400000, 0x0000000772400000|100%| E|CS|TAMS 0x0000000772200000| PB 0x0000000772200000| Complete 
| 894|0x0000000772400000, 0x0000000772600000, 0x0000000772600000|100%| E|CS|TAMS 0x0000000772400000| PB 0x0000000772400000| Complete 
| 895|0x0000000772600000, 0x0000000772800000, 0x0000000772800000|100%| E|CS|TAMS 0x0000000772600000| PB 0x0000000772600000| Complete 
| 896|0x0000000772800000, 0x0000000772a00000, 0x0000000772a00000|100%| E|CS|TAMS 0x0000000772800000| PB 0x0000000772800000| Complete 
| 897|0x0000000772a00000, 0x0000000772c00000, 0x0000000772c00000|100%| E|CS|TAMS 0x0000000772a00000| PB 0x0000000772a00000| Complete 
| 898|0x0000000772c00000, 0x0000000772e00000, 0x0000000772e00000|100%| E|CS|TAMS 0x0000000772c00000| PB 0x0000000772c00000| Complete 
| 899|0x0000000772e00000, 0x0000000773000000, 0x0000000773000000|100%| E|CS|TAMS 0x0000000772e00000| PB 0x0000000772e00000| Complete 
| 900|0x0000000773000000, 0x0000000773200000, 0x0000000773200000|100%| E|CS|TAMS 0x0000000773000000| PB 0x0000000773000000| Complete 
| 901|0x0000000773200000, 0x0000000773400000, 0x0000000773400000|100%| E|CS|TAMS 0x0000000773200000| PB 0x0000000773200000| Complete 
| 902|0x0000000773400000, 0x0000000773600000, 0x0000000773600000|100%| E|CS|TAMS 0x0000000773400000| PB 0x0000000773400000| Complete 
| 903|0x0000000773600000, 0x0000000773800000, 0x0000000773800000|100%| E|CS|TAMS 0x0000000773600000| PB 0x0000000773600000| Complete 
| 904|0x0000000773800000, 0x0000000773a00000, 0x0000000773a00000|100%| E|CS|TAMS 0x0000000773800000| PB 0x0000000773800000| Complete 
| 905|0x0000000773a00000, 0x0000000773c00000, 0x0000000773c00000|100%| E|CS|TAMS 0x0000000773a00000| PB 0x0000000773a00000| Complete 
| 906|0x0000000773c00000, 0x0000000773e00000, 0x0000000773e00000|100%| E|CS|TAMS 0x0000000773c00000| PB 0x0000000773c00000| Complete 
| 907|0x0000000773e00000, 0x0000000774000000, 0x0000000774000000|100%| E|CS|TAMS 0x0000000773e00000| PB 0x0000000773e00000| Complete 
| 908|0x0000000774000000, 0x0000000774200000, 0x0000000774200000|100%| E|CS|TAMS 0x0000000774000000| PB 0x0000000774000000| Complete 
| 909|0x0000000774200000, 0x0000000774400000, 0x0000000774400000|100%| E|CS|TAMS 0x0000000774200000| PB 0x0000000774200000| Complete 
| 910|0x0000000774400000, 0x0000000774600000, 0x0000000774600000|100%| E|CS|TAMS 0x0000000774400000| PB 0x0000000774400000| Complete 
| 911|0x0000000774600000, 0x0000000774800000, 0x0000000774800000|100%| E|CS|TAMS 0x0000000774600000| PB 0x0000000774600000| Complete 
| 912|0x0000000774800000, 0x0000000774a00000, 0x0000000774a00000|100%| E|CS|TAMS 0x0000000774800000| PB 0x0000000774800000| Complete 
| 913|0x0000000774a00000, 0x0000000774c00000, 0x0000000774c00000|100%| E|CS|TAMS 0x0000000774a00000| PB 0x0000000774a00000| Complete 
| 914|0x0000000774c00000, 0x0000000774e00000, 0x0000000774e00000|100%| E|CS|TAMS 0x0000000774c00000| PB 0x0000000774c00000| Complete 
| 915|0x0000000774e00000, 0x0000000775000000, 0x0000000775000000|100%| E|CS|TAMS 0x0000000774e00000| PB 0x0000000774e00000| Complete 
| 916|0x0000000775000000, 0x0000000775200000, 0x0000000775200000|100%| E|CS|TAMS 0x0000000775000000| PB 0x0000000775000000| Complete 
| 917|0x0000000775200000, 0x0000000775400000, 0x0000000775400000|100%| E|CS|TAMS 0x0000000775200000| PB 0x0000000775200000| Complete 
| 918|0x0000000775400000, 0x0000000775600000, 0x0000000775600000|100%| E|CS|TAMS 0x0000000775400000| PB 0x0000000775400000| Complete 
| 919|0x0000000775600000, 0x0000000775800000, 0x0000000775800000|100%| E|CS|TAMS 0x0000000775600000| PB 0x0000000775600000| Complete 
| 920|0x0000000775800000, 0x0000000775a00000, 0x0000000775a00000|100%| E|CS|TAMS 0x0000000775800000| PB 0x0000000775800000| Complete 
| 921|0x0000000775a00000, 0x0000000775c00000, 0x0000000775c00000|100%| E|CS|TAMS 0x0000000775a00000| PB 0x0000000775a00000| Complete 
| 922|0x0000000775c00000, 0x0000000775e00000, 0x0000000775e00000|100%| E|CS|TAMS 0x0000000775c00000| PB 0x0000000775c00000| Complete 
| 923|0x0000000775e00000, 0x0000000776000000, 0x0000000776000000|100%| E|CS|TAMS 0x0000000775e00000| PB 0x0000000775e00000| Complete 
| 924|0x0000000776000000, 0x0000000776200000, 0x0000000776200000|100%| E|CS|TAMS 0x0000000776000000| PB 0x0000000776000000| Complete 
| 925|0x0000000776200000, 0x0000000776400000, 0x0000000776400000|100%| E|CS|TAMS 0x0000000776200000| PB 0x0000000776200000| Complete 
| 926|0x0000000776400000, 0x0000000776600000, 0x0000000776600000|100%| E|CS|TAMS 0x0000000776400000| PB 0x0000000776400000| Complete 
| 927|0x0000000776600000, 0x0000000776800000, 0x0000000776800000|100%| E|CS|TAMS 0x0000000776600000| PB 0x0000000776600000| Complete 
| 928|0x0000000776800000, 0x0000000776a00000, 0x0000000776a00000|100%| E|CS|TAMS 0x0000000776800000| PB 0x0000000776800000| Complete 
| 929|0x0000000776a00000, 0x0000000776c00000, 0x0000000776c00000|100%| E|CS|TAMS 0x0000000776a00000| PB 0x0000000776a00000| Complete 
| 930|0x0000000776c00000, 0x0000000776e00000, 0x0000000776e00000|100%| E|CS|TAMS 0x0000000776c00000| PB 0x0000000776c00000| Complete 
| 931|0x0000000776e00000, 0x0000000777000000, 0x0000000777000000|100%| E|CS|TAMS 0x0000000776e00000| PB 0x0000000776e00000| Complete 
| 932|0x0000000777000000, 0x0000000777200000, 0x0000000777200000|100%| E|CS|TAMS 0x0000000777000000| PB 0x0000000777000000| Complete 
| 933|0x0000000777200000, 0x0000000777400000, 0x0000000777400000|100%| E|CS|TAMS 0x0000000777200000| PB 0x0000000777200000| Complete 
| 934|0x0000000777400000, 0x0000000777600000, 0x0000000777600000|100%| E|CS|TAMS 0x0000000777400000| PB 0x0000000777400000| Complete 
| 935|0x0000000777600000, 0x0000000777800000, 0x0000000777800000|100%| E|CS|TAMS 0x0000000777600000| PB 0x0000000777600000| Complete 
| 936|0x0000000777800000, 0x0000000777a00000, 0x0000000777a00000|100%| E|CS|TAMS 0x0000000777800000| PB 0x0000000777800000| Complete 
| 937|0x0000000777a00000, 0x0000000777c00000, 0x0000000777c00000|100%| E|CS|TAMS 0x0000000777a00000| PB 0x0000000777a00000| Complete 
| 938|0x0000000777c00000, 0x0000000777e00000, 0x0000000777e00000|100%| E|CS|TAMS 0x0000000777c00000| PB 0x0000000777c00000| Complete 
| 939|0x0000000777e00000, 0x0000000778000000, 0x0000000778000000|100%| E|CS|TAMS 0x0000000777e00000| PB 0x0000000777e00000| Complete 
| 940|0x0000000778000000, 0x0000000778200000, 0x0000000778200000|100%| E|CS|TAMS 0x0000000778000000| PB 0x0000000778000000| Complete 
| 941|0x0000000778200000, 0x0000000778400000, 0x0000000778400000|100%| E|CS|TAMS 0x0000000778200000| PB 0x0000000778200000| Complete 
| 942|0x0000000778400000, 0x0000000778600000, 0x0000000778600000|100%| E|CS|TAMS 0x0000000778400000| PB 0x0000000778400000| Complete 
| 943|0x0000000778600000, 0x0000000778800000, 0x0000000778800000|100%| E|CS|TAMS 0x0000000778600000| PB 0x0000000778600000| Complete 
| 944|0x0000000778800000, 0x0000000778a00000, 0x0000000778a00000|100%| E|CS|TAMS 0x0000000778800000| PB 0x0000000778800000| Complete 
| 945|0x0000000778a00000, 0x0000000778c00000, 0x0000000778c00000|100%| E|CS|TAMS 0x0000000778a00000| PB 0x0000000778a00000| Complete 
| 946|0x0000000778c00000, 0x0000000778e00000, 0x0000000778e00000|100%| E|CS|TAMS 0x0000000778c00000| PB 0x0000000778c00000| Complete 
| 947|0x0000000778e00000, 0x0000000779000000, 0x0000000779000000|100%| E|CS|TAMS 0x0000000778e00000| PB 0x0000000778e00000| Complete 
| 948|0x0000000779000000, 0x0000000779200000, 0x0000000779200000|100%| E|CS|TAMS 0x0000000779000000| PB 0x0000000779000000| Complete 
| 949|0x0000000779200000, 0x0000000779400000, 0x0000000779400000|100%| E|CS|TAMS 0x0000000779200000| PB 0x0000000779200000| Complete 
| 950|0x0000000779400000, 0x0000000779600000, 0x0000000779600000|100%| E|CS|TAMS 0x0000000779400000| PB 0x0000000779400000| Complete 
| 951|0x0000000779600000, 0x0000000779800000, 0x0000000779800000|100%| E|CS|TAMS 0x0000000779600000| PB 0x0000000779600000| Complete 
| 952|0x0000000779800000, 0x0000000779a00000, 0x0000000779a00000|100%| E|CS|TAMS 0x0000000779800000| PB 0x0000000779800000| Complete 
| 953|0x0000000779a00000, 0x0000000779c00000, 0x0000000779c00000|100%| E|CS|TAMS 0x0000000779a00000| PB 0x0000000779a00000| Complete 
| 954|0x0000000779c00000, 0x0000000779e00000, 0x0000000779e00000|100%| E|CS|TAMS 0x0000000779c00000| PB 0x0000000779c00000| Complete 
| 955|0x0000000779e00000, 0x000000077a000000, 0x000000077a000000|100%| E|CS|TAMS 0x0000000779e00000| PB 0x0000000779e00000| Complete 
| 956|0x000000077a000000, 0x000000077a200000, 0x000000077a200000|100%| E|CS|TAMS 0x000000077a000000| PB 0x000000077a000000| Complete 
| 957|0x000000077a200000, 0x000000077a400000, 0x000000077a400000|100%| E|CS|TAMS 0x000000077a200000| PB 0x000000077a200000| Complete 
| 958|0x000000077a400000, 0x000000077a600000, 0x000000077a600000|100%| E|CS|TAMS 0x000000077a400000| PB 0x000000077a400000| Complete 
| 959|0x000000077a600000, 0x000000077a800000, 0x000000077a800000|100%| E|CS|TAMS 0x000000077a600000| PB 0x000000077a600000| Complete 
| 960|0x000000077a800000, 0x000000077aa00000, 0x000000077aa00000|100%| E|CS|TAMS 0x000000077a800000| PB 0x000000077a800000| Complete 
| 961|0x000000077aa00000, 0x000000077ac00000, 0x000000077ac00000|100%| E|CS|TAMS 0x000000077aa00000| PB 0x000000077aa00000| Complete 
| 962|0x000000077ac00000, 0x000000077ae00000, 0x000000077ae00000|100%| E|CS|TAMS 0x000000077ac00000| PB 0x000000077ac00000| Complete 
| 963|0x000000077ae00000, 0x000000077b000000, 0x000000077b000000|100%| E|CS|TAMS 0x000000077ae00000| PB 0x000000077ae00000| Complete 
| 964|0x000000077b000000, 0x000000077b200000, 0x000000077b200000|100%| E|CS|TAMS 0x000000077b000000| PB 0x000000077b000000| Complete 
| 965|0x000000077b200000, 0x000000077b400000, 0x000000077b400000|100%| E|CS|TAMS 0x000000077b200000| PB 0x000000077b200000| Complete 
| 966|0x000000077b400000, 0x000000077b600000, 0x000000077b600000|100%| E|CS|TAMS 0x000000077b400000| PB 0x000000077b400000| Complete 
| 967|0x000000077b600000, 0x000000077b800000, 0x000000077b800000|100%| E|CS|TAMS 0x000000077b600000| PB 0x000000077b600000| Complete 
| 968|0x000000077b800000, 0x000000077ba00000, 0x000000077ba00000|100%| E|CS|TAMS 0x000000077b800000| PB 0x000000077b800000| Complete 
| 969|0x000000077ba00000, 0x000000077bc00000, 0x000000077bc00000|100%| E|CS|TAMS 0x000000077ba00000| PB 0x000000077ba00000| Complete 
| 970|0x000000077bc00000, 0x000000077be00000, 0x000000077be00000|100%| E|CS|TAMS 0x000000077bc00000| PB 0x000000077bc00000| Complete 
| 971|0x000000077be00000, 0x000000077c000000, 0x000000077c000000|100%| E|CS|TAMS 0x000000077be00000| PB 0x000000077be00000| Complete 
| 972|0x000000077c000000, 0x000000077c200000, 0x000000077c200000|100%| E|CS|TAMS 0x000000077c000000| PB 0x000000077c000000| Complete 
| 973|0x000000077c200000, 0x000000077c400000, 0x000000077c400000|100%| E|CS|TAMS 0x000000077c200000| PB 0x000000077c200000| Complete 
| 974|0x000000077c400000, 0x000000077c600000, 0x000000077c600000|100%| E|CS|TAMS 0x000000077c400000| PB 0x000000077c400000| Complete 
| 975|0x000000077c600000, 0x000000077c800000, 0x000000077c800000|100%| E|CS|TAMS 0x000000077c600000| PB 0x000000077c600000| Complete 
| 976|0x000000077c800000, 0x000000077ca00000, 0x000000077ca00000|100%| E|CS|TAMS 0x000000077c800000| PB 0x000000077c800000| Complete 
| 977|0x000000077ca00000, 0x000000077cc00000, 0x000000077cc00000|100%| E|CS|TAMS 0x000000077ca00000| PB 0x000000077ca00000| Complete 
| 978|0x000000077cc00000, 0x000000077ce00000, 0x000000077ce00000|100%| E|CS|TAMS 0x000000077cc00000| PB 0x000000077cc00000| Complete 
| 979|0x000000077ce00000, 0x000000077d000000, 0x000000077d000000|100%| E|CS|TAMS 0x000000077ce00000| PB 0x000000077ce00000| Complete 
| 980|0x000000077d000000, 0x000000077d200000, 0x000000077d200000|100%| E|CS|TAMS 0x000000077d000000| PB 0x000000077d000000| Complete 
| 981|0x000000077d200000, 0x000000077d400000, 0x000000077d400000|100%| E|CS|TAMS 0x000000077d200000| PB 0x000000077d200000| Complete 
| 982|0x000000077d400000, 0x000000077d600000, 0x000000077d600000|100%| E|CS|TAMS 0x000000077d400000| PB 0x000000077d400000| Complete 
| 983|0x000000077d600000, 0x000000077d800000, 0x000000077d800000|100%| E|CS|TAMS 0x000000077d600000| PB 0x000000077d600000| Complete 
| 984|0x000000077d800000, 0x000000077da00000, 0x000000077da00000|100%| E|CS|TAMS 0x000000077d800000| PB 0x000000077d800000| Complete 
| 985|0x000000077da00000, 0x000000077dc00000, 0x000000077dc00000|100%| E|CS|TAMS 0x000000077da00000| PB 0x000000077da00000| Complete 
| 986|0x000000077dc00000, 0x000000077de00000, 0x000000077de00000|100%| E|CS|TAMS 0x000000077dc00000| PB 0x000000077dc00000| Complete 
| 987|0x000000077de00000, 0x000000077e000000, 0x000000077e000000|100%| E|CS|TAMS 0x000000077de00000| PB 0x000000077de00000| Complete 
| 988|0x000000077e000000, 0x000000077e200000, 0x000000077e200000|100%| E|CS|TAMS 0x000000077e000000| PB 0x000000077e000000| Complete 
| 989|0x000000077e200000, 0x000000077e400000, 0x000000077e400000|100%| E|CS|TAMS 0x000000077e200000| PB 0x000000077e200000| Complete 
| 990|0x000000077e400000, 0x000000077e600000, 0x000000077e600000|100%| E|CS|TAMS 0x000000077e400000| PB 0x000000077e400000| Complete 
| 991|0x000000077e600000, 0x000000077e800000, 0x000000077e800000|100%| E|CS|TAMS 0x000000077e600000| PB 0x000000077e600000| Complete 
| 992|0x000000077e800000, 0x000000077ea00000, 0x000000077ea00000|100%| E|CS|TAMS 0x000000077e800000| PB 0x000000077e800000| Complete 
| 993|0x000000077ea00000, 0x000000077ec00000, 0x000000077ec00000|100%| E|CS|TAMS 0x000000077ea00000| PB 0x000000077ea00000| Complete 
| 994|0x000000077ec00000, 0x000000077ee00000, 0x000000077ee00000|100%| E|CS|TAMS 0x000000077ec00000| PB 0x000000077ec00000| Complete 
| 995|0x000000077ee00000, 0x000000077f000000, 0x000000077f000000|100%| E|CS|TAMS 0x000000077ee00000| PB 0x000000077ee00000| Complete 
| 996|0x000000077f000000, 0x000000077f200000, 0x000000077f200000|100%| E|CS|TAMS 0x000000077f000000| PB 0x000000077f000000| Complete 
| 997|0x000000077f200000, 0x000000077f400000, 0x000000077f400000|100%| E|CS|TAMS 0x000000077f200000| PB 0x000000077f200000| Complete 
| 998|0x000000077f400000, 0x000000077f600000, 0x000000077f600000|100%| E|CS|TAMS 0x000000077f400000| PB 0x000000077f400000| Complete 
| 999|0x000000077f600000, 0x000000077f800000, 0x000000077f800000|100%| E|CS|TAMS 0x000000077f600000| PB 0x000000077f600000| Complete 
|1000|0x000000077f800000, 0x000000077fa00000, 0x000000077fa00000|100%| E|CS|TAMS 0x000000077f800000| PB 0x000000077f800000| Complete 
|1001|0x000000077fa00000, 0x000000077fc00000, 0x000000077fc00000|100%| E|CS|TAMS 0x000000077fa00000| PB 0x000000077fa00000| Complete 
|1002|0x000000077fc00000, 0x000000077fe00000, 0x000000077fe00000|100%| E|CS|TAMS 0x000000077fc00000| PB 0x000000077fc00000| Complete 
|1003|0x000000077fe00000, 0x0000000780000000, 0x0000000780000000|100%| E|CS|TAMS 0x000000077fe00000| PB 0x000000077fe00000| Complete 
|1004|0x0000000780000000, 0x0000000780200000, 0x0000000780200000|100%| E|CS|TAMS 0x0000000780000000| PB 0x0000000780000000| Complete 
|1005|0x0000000780200000, 0x0000000780400000, 0x0000000780400000|100%| E|CS|TAMS 0x0000000780200000| PB 0x0000000780200000| Complete 
|1006|0x0000000780400000, 0x0000000780600000, 0x0000000780600000|100%| E|CS|TAMS 0x0000000780400000| PB 0x0000000780400000| Complete 
|1007|0x0000000780600000, 0x0000000780800000, 0x0000000780800000|100%| E|CS|TAMS 0x0000000780600000| PB 0x0000000780600000| Complete 
|1008|0x0000000780800000, 0x0000000780a00000, 0x0000000780a00000|100%| E|CS|TAMS 0x0000000780800000| PB 0x0000000780800000| Complete 
|1009|0x0000000780a00000, 0x0000000780c00000, 0x0000000780c00000|100%| E|CS|TAMS 0x0000000780a00000| PB 0x0000000780a00000| Complete 
|1010|0x0000000780c00000, 0x0000000780e00000, 0x0000000780e00000|100%| E|CS|TAMS 0x0000000780c00000| PB 0x0000000780c00000| Complete 
|1011|0x0000000780e00000, 0x0000000781000000, 0x0000000781000000|100%| E|CS|TAMS 0x0000000780e00000| PB 0x0000000780e00000| Complete 
|1012|0x0000000781000000, 0x0000000781200000, 0x0000000781200000|100%| E|CS|TAMS 0x0000000781000000| PB 0x0000000781000000| Complete 
|1013|0x0000000781200000, 0x0000000781400000, 0x0000000781400000|100%| E|CS|TAMS 0x0000000781200000| PB 0x0000000781200000| Complete 
|1014|0x0000000781400000, 0x0000000781600000, 0x0000000781600000|100%| E|CS|TAMS 0x0000000781400000| PB 0x0000000781400000| Complete 
|1948|0x00000007f6000000, 0x00000007f6200000, 0x00000007f6200000|100%| E|CS|TAMS 0x00000007f6000000| PB 0x00000007f6000000| Complete 
|1949|0x00000007f6200000, 0x00000007f6400000, 0x00000007f6400000|100%| E|CS|TAMS 0x00000007f6200000| PB 0x00000007f6200000| Complete 
|1950|0x00000007f6400000, 0x00000007f6600000, 0x00000007f6600000|100%| E|CS|TAMS 0x00000007f6400000| PB 0x00000007f6400000| Complete 
|1951|0x00000007f6600000, 0x00000007f6800000, 0x00000007f6800000|100%| E|CS|TAMS 0x00000007f6600000| PB 0x00000007f6600000| Complete 
|1952|0x00000007f6800000, 0x00000007f6a00000, 0x00000007f6a00000|100%| E|CS|TAMS 0x00000007f6800000| PB 0x00000007f6800000| Complete 
|1953|0x00000007f6a00000, 0x00000007f6c00000, 0x00000007f6c00000|100%| E|CS|TAMS 0x00000007f6a00000| PB 0x00000007f6a00000| Complete 
|1954|0x00000007f6c00000, 0x00000007f6e00000, 0x00000007f6e00000|100%| E|CS|TAMS 0x00000007f6c00000| PB 0x00000007f6c00000| Complete 
|1955|0x00000007f6e00000, 0x00000007f7000000, 0x00000007f7000000|100%| E|CS|TAMS 0x00000007f6e00000| PB 0x00000007f6e00000| Complete 
|1956|0x00000007f7000000, 0x00000007f7200000, 0x00000007f7200000|100%| E|CS|TAMS 0x00000007f7000000| PB 0x00000007f7000000| Complete 
|1957|0x00000007f7200000, 0x00000007f7400000, 0x00000007f7400000|100%| E|CS|TAMS 0x00000007f7200000| PB 0x00000007f7200000| Complete 
|1958|0x00000007f7400000, 0x00000007f7600000, 0x00000007f7600000|100%| E|CS|TAMS 0x00000007f7400000| PB 0x00000007f7400000| Complete 
|1959|0x00000007f7600000, 0x00000007f7800000, 0x00000007f7800000|100%| E|CS|TAMS 0x00000007f7600000| PB 0x00000007f7600000| Complete 
|1960|0x00000007f7800000, 0x00000007f7a00000, 0x00000007f7a00000|100%| E|CS|TAMS 0x00000007f7800000| PB 0x00000007f7800000| Complete 
|1961|0x00000007f7a00000, 0x00000007f7c00000, 0x00000007f7c00000|100%| E|CS|TAMS 0x00000007f7a00000| PB 0x00000007f7a00000| Complete 
|1962|0x00000007f7c00000, 0x00000007f7e00000, 0x00000007f7e00000|100%| E|CS|TAMS 0x00000007f7c00000| PB 0x00000007f7c00000| Complete 
|1963|0x00000007f7e00000, 0x00000007f8000000, 0x00000007f8000000|100%| E|CS|TAMS 0x00000007f7e00000| PB 0x00000007f7e00000| Complete 
|1964|0x00000007f8000000, 0x00000007f8200000, 0x00000007f8200000|100%| E|CS|TAMS 0x00000007f8000000| PB 0x00000007f8000000| Complete 
|1965|0x00000007f8200000, 0x00000007f8400000, 0x00000007f8400000|100%| E|CS|TAMS 0x00000007f8200000| PB 0x00000007f8200000| Complete 
|1966|0x00000007f8400000, 0x00000007f8600000, 0x00000007f8600000|100%| E|CS|TAMS 0x00000007f8400000| PB 0x00000007f8400000| Complete 
|1967|0x00000007f8600000, 0x00000007f8800000, 0x00000007f8800000|100%| E|CS|TAMS 0x00000007f8600000| PB 0x00000007f8600000| Complete 
|1968|0x00000007f8800000, 0x00000007f8a00000, 0x00000007f8a00000|100%| E|CS|TAMS 0x00000007f8800000| PB 0x00000007f8800000| Complete 
|1969|0x00000007f8a00000, 0x00000007f8c00000, 0x00000007f8c00000|100%| E|CS|TAMS 0x00000007f8a00000| PB 0x00000007f8a00000| Complete 
|1970|0x00000007f8c00000, 0x00000007f8e00000, 0x00000007f8e00000|100%| E|CS|TAMS 0x00000007f8c00000| PB 0x00000007f8c00000| Complete 
|1971|0x00000007f8e00000, 0x00000007f9000000, 0x00000007f9000000|100%| E|CS|TAMS 0x00000007f8e00000| PB 0x00000007f8e00000| Complete 
|1972|0x00000007f9000000, 0x00000007f9200000, 0x00000007f9200000|100%| E|CS|TAMS 0x00000007f9000000| PB 0x00000007f9000000| Complete 
|1973|0x00000007f9200000, 0x00000007f9400000, 0x00000007f9400000|100%| E|CS|TAMS 0x00000007f9200000| PB 0x00000007f9200000| Complete 
|1974|0x00000007f9400000, 0x00000007f9600000, 0x00000007f9600000|100%| E|CS|TAMS 0x00000007f9400000| PB 0x00000007f9400000| Complete 
|1975|0x00000007f9600000, 0x00000007f9800000, 0x00000007f9800000|100%| E|CS|TAMS 0x00000007f9600000| PB 0x00000007f9600000| Complete 
|1976|0x00000007f9800000, 0x00000007f9a00000, 0x00000007f9a00000|100%| E|CS|TAMS 0x00000007f9800000| PB 0x00000007f9800000| Complete 
|1977|0x00000007f9a00000, 0x00000007f9c00000, 0x00000007f9c00000|100%| E|CS|TAMS 0x00000007f9a00000| PB 0x00000007f9a00000| Complete 
|1978|0x00000007f9c00000, 0x00000007f9e00000, 0x00000007f9e00000|100%| E|CS|TAMS 0x00000007f9c00000| PB 0x00000007f9c00000| Complete 
|1979|0x00000007f9e00000, 0x00000007fa000000, 0x00000007fa000000|100%| E|CS|TAMS 0x00000007f9e00000| PB 0x00000007f9e00000| Complete 
|1980|0x00000007fa000000, 0x00000007fa200000, 0x00000007fa200000|100%| E|CS|TAMS 0x00000007fa000000| PB 0x00000007fa000000| Complete 
|1981|0x00000007fa200000, 0x00000007fa400000, 0x00000007fa400000|100%| E|CS|TAMS 0x00000007fa200000| PB 0x00000007fa200000| Complete 
|1982|0x00000007fa400000, 0x00000007fa600000, 0x00000007fa600000|100%| E|CS|TAMS 0x00000007fa400000| PB 0x00000007fa400000| Complete 
|1983|0x00000007fa600000, 0x00000007fa800000, 0x00000007fa800000|100%| E|CS|TAMS 0x00000007fa600000| PB 0x00000007fa600000| Complete 
|1984|0x00000007fa800000, 0x00000007faa00000, 0x00000007faa00000|100%| E|CS|TAMS 0x00000007fa800000| PB 0x00000007fa800000| Complete 
|1985|0x00000007faa00000, 0x00000007fac00000, 0x00000007fac00000|100%| E|CS|TAMS 0x00000007faa00000| PB 0x00000007faa00000| Complete 
|1986|0x00000007fac00000, 0x00000007fae00000, 0x00000007fae00000|100%| E|CS|TAMS 0x00000007fac00000| PB 0x00000007fac00000| Complete 
|1987|0x00000007fae00000, 0x00000007fb000000, 0x00000007fb000000|100%| E|CS|TAMS 0x00000007fae00000| PB 0x00000007fae00000| Complete 
|1988|0x00000007fb000000, 0x00000007fb200000, 0x00000007fb200000|100%| E|CS|TAMS 0x00000007fb000000| PB 0x00000007fb000000| Complete 
|1989|0x00000007fb200000, 0x00000007fb400000, 0x00000007fb400000|100%| E|CS|TAMS 0x00000007fb200000| PB 0x00000007fb200000| Complete 
|1990|0x00000007fb400000, 0x00000007fb600000, 0x00000007fb600000|100%| E|CS|TAMS 0x00000007fb400000| PB 0x00000007fb400000| Complete 
|1991|0x00000007fb600000, 0x00000007fb800000, 0x00000007fb800000|100%| E|CS|TAMS 0x00000007fb600000| PB 0x00000007fb600000| Complete 
|1992|0x00000007fb800000, 0x00000007fba00000, 0x00000007fba00000|100%| E|CS|TAMS 0x00000007fb800000| PB 0x00000007fb800000| Complete 
|1993|0x00000007fba00000, 0x00000007fbc00000, 0x00000007fbc00000|100%| E|CS|TAMS 0x00000007fba00000| PB 0x00000007fba00000| Complete 
|1994|0x00000007fbc00000, 0x00000007fbe00000, 0x00000007fbe00000|100%| E|CS|TAMS 0x00000007fbc00000| PB 0x00000007fbc00000| Complete 
|1995|0x00000007fbe00000, 0x00000007fc000000, 0x00000007fc000000|100%| E|CS|TAMS 0x00000007fbe00000| PB 0x00000007fbe00000| Complete 
|1996|0x00000007fc000000, 0x00000007fc200000, 0x00000007fc200000|100%| E|CS|TAMS 0x00000007fc000000| PB 0x00000007fc000000| Complete 
|1997|0x00000007fc200000, 0x00000007fc400000, 0x00000007fc400000|100%| E|CS|TAMS 0x00000007fc200000| PB 0x00000007fc200000| Complete 
|1998|0x00000007fc400000, 0x00000007fc600000, 0x00000007fc600000|100%| E|CS|TAMS 0x00000007fc400000| PB 0x00000007fc400000| Complete 
|1999|0x00000007fc600000, 0x00000007fc800000, 0x00000007fc800000|100%| O|  |TAMS 0x00000007fc600000| PB 0x00000007fc600000| Untracked 
|2000|0x00000007fc800000, 0x00000007fca00000, 0x00000007fca00000|100%| O|  |TAMS 0x00000007fc800000| PB 0x00000007fc800000| Untracked 
|2001|0x00000007fca00000, 0x00000007fcc00000, 0x00000007fcc00000|100%| E|CS|TAMS 0x00000007fca00000| PB 0x00000007fca00000| Complete 
|2002|0x00000007fcc00000, 0x00000007fce00000, 0x00000007fce00000|100%| E|CS|TAMS 0x00000007fcc00000| PB 0x00000007fcc00000| Complete 
|2003|0x00000007fce00000, 0x00000007fd000000, 0x00000007fd000000|100%| O|  |TAMS 0x00000007fce00000| PB 0x00000007fce00000| Untracked 
|2004|0x00000007fd000000, 0x00000007fd200000, 0x00000007fd200000|100%| E|CS|TAMS 0x00000007fd000000| PB 0x00000007fd000000| Complete 
|2005|0x00000007fd200000, 0x00000007fd400000, 0x00000007fd400000|100%| O|  |TAMS 0x00000007fd200000| PB 0x00000007fd200000| Untracked 
|2006|0x00000007fd400000, 0x00000007fd600000, 0x00000007fd600000|100%| E|CS|TAMS 0x00000007fd400000| PB 0x00000007fd400000| Complete 
|2007|0x00000007fd600000, 0x00000007fd800000, 0x00000007fd800000|100%| E|CS|TAMS 0x00000007fd600000| PB 0x00000007fd600000| Complete 
|2008|0x00000007fd800000, 0x00000007fda00000, 0x00000007fda00000|100%| O|  |TAMS 0x00000007fd800000| PB 0x00000007fd800000| Untracked 
|2009|0x00000007fda00000, 0x00000007fdc00000, 0x00000007fdc00000|100%| E|CS|TAMS 0x00000007fda00000| PB 0x00000007fda00000| Complete 
|2010|0x00000007fdc00000, 0x00000007fde00000, 0x00000007fde00000|100%| E|CS|TAMS 0x00000007fdc00000| PB 0x00000007fdc00000| Complete 
|2011|0x00000007fde00000, 0x00000007fe000000, 0x00000007fe000000|100%| E|CS|TAMS 0x00000007fde00000| PB 0x00000007fde00000| Complete 
|2012|0x00000007fe000000, 0x00000007fe200000, 0x00000007fe200000|100%| E|CS|TAMS 0x00000007fe000000| PB 0x00000007fe000000| Complete 
|2013|0x00000007fe200000, 0x00000007fe400000, 0x00000007fe400000|100%| E|CS|TAMS 0x00000007fe200000| PB 0x00000007fe200000| Complete 
|2014|0x00000007fe400000, 0x00000007fe600000, 0x00000007fe600000|100%| E|CS|TAMS 0x00000007fe400000| PB 0x00000007fe400000| Complete 
|2015|0x00000007fe600000, 0x00000007fe800000, 0x00000007fe800000|100%| E|CS|TAMS 0x00000007fe600000| PB 0x00000007fe600000| Complete 
|2016|0x00000007fe800000, 0x00000007fea00000, 0x00000007fea00000|100%| E|CS|TAMS 0x00000007fe800000| PB 0x00000007fe800000| Complete 
|2017|0x00000007fea00000, 0x00000007fec00000, 0x00000007fec00000|100%| E|CS|TAMS 0x00000007fea00000| PB 0x00000007fea00000| Complete 
|2018|0x00000007fec00000, 0x00000007fee00000, 0x00000007fee00000|100%| E|CS|TAMS 0x00000007fec00000| PB 0x00000007fec00000| Complete 
|2019|0x00000007fee00000, 0x00000007ff000000, 0x00000007ff000000|100%| E|CS|TAMS 0x00000007fee00000| PB 0x00000007fee00000| Complete 
|2020|0x00000007ff000000, 0x00000007ff200000, 0x00000007ff200000|100%| E|CS|TAMS 0x00000007ff000000| PB 0x00000007ff000000| Complete 
|2021|0x00000007ff200000, 0x00000007ff400000, 0x00000007ff400000|100%| E|CS|TAMS 0x00000007ff200000| PB 0x00000007ff200000| Complete 
|2022|0x00000007ff400000, 0x00000007ff600000, 0x00000007ff600000|100%| E|CS|TAMS 0x00000007ff400000| PB 0x00000007ff400000| Complete 
|2023|0x00000007ff600000, 0x00000007ff800000, 0x00000007ff800000|100%| E|CS|TAMS 0x00000007ff600000| PB 0x00000007ff600000| Complete 
|2024|0x00000007ff800000, 0x00000007ffa00000, 0x00000007ffa00000|100%| E|CS|TAMS 0x00000007ff800000| PB 0x00000007ff800000| Complete 
|2025|0x00000007ffa00000, 0x00000007ffc00000, 0x00000007ffc00000|100%| E|CS|TAMS 0x00000007ffa00000| PB 0x00000007ffa00000| Complete 
|2026|0x00000007ffc00000, 0x00000007ffe00000, 0x00000007ffe00000|100%| O|  |TAMS 0x00000007ffc00000| PB 0x00000007ffc00000| Untracked 
|2027|0x00000007ffe00000, 0x0000000800000000, 0x0000000800000000|100%| E|CS|TAMS 0x00000007ffe00000| PB 0x00000007ffe00000| Complete 

Card table byte_map: [0x0000023118fd0000,0x00000231197c0000] _byte_map_base: 0x00000231157bc000

Marking Bits: (CMBitMap*) 0x000002317ef7c940
 Bits: [0x00000231197c0000, 0x000002311d720000)

Polling page: 0x000002317e9e0000

Metaspace:

Usage:
  Non-class:    142.57 MB used.
      Class:     24.88 MB used.
       Both:    167.45 MB used.

Virtual space:
  Non-class space:      192.00 MB reserved,     143.75 MB ( 75%) committed,  3 nodes.
      Class space:        1.00 GB reserved,      25.81 MB (  3%) committed,  1 nodes.
             Both:        1.19 GB reserved,     169.56 MB ( 14%) committed. 

Chunk freelists:
   Non-Class:  15.92 MB
       Class:  6.10 MB
        Both:  22.02 MB

MaxMetaspaceSize: unlimited
CompressedClassSpaceSize: 1.00 GB
Initial GC threshold: 21.00 MB
Current GC threshold: 278.69 MB
CDS: on
 - commit_granule_bytes: 65536.
 - commit_granule_words: 8192.
 - virtual_space_node_default_size: 8388608.
 - enlarge_chunks_in_place: 1.
 - use_allocation_guard: 0.


Internal statistics:

num_allocs_failed_limit: 14.
num_arena_births: 3388.
num_arena_deaths: 40.
num_vsnodes_births: 4.
num_vsnodes_deaths: 0.
num_space_committed: 2707.
num_space_uncommitted: 0.
num_chunks_returned_to_freelist: 74.
num_chunks_taken_from_freelist: 10558.
num_chunk_merges: 42.
num_chunk_splits: 6821.
num_chunks_enlarged: 4435.
num_inconsistent_stats: 0.

CodeHeap 'non-profiled nmethods': size=120000Kb used=25510Kb max_used=26706Kb free=94490Kb
 bounds [0x00000231112b0000, 0x0000023112cd0000, 0x00000231187e0000]
CodeHeap 'profiled nmethods': size=120000Kb used=28815Kb max_used=37837Kb free=91184Kb
 bounds [0x00000231097e0000, 0x000002310bd00000, 0x0000023110d10000]
CodeHeap 'non-nmethods': size=5760Kb used=2767Kb max_used=2825Kb free=2992Kb
 bounds [0x0000023110d10000, 0x0000023110fe0000, 0x00000231112b0000]
 total_blobs=19884 nmethods=18302 adapters=1479
 compilation: enabled
              stopped_count=0, restarted_count=0
 full_count=0

Compilation events (20 events):
Event: 55.004 Thread 0x00000231201e8f10 36937       4       net.minecraft.core.Vec3i::m_123314_ (19 bytes)
Event: 55.005 Thread 0x00000231201e8f10 nmethod 36937 0x0000023112846790 code [0x0000023112846920, 0x0000023112846a08]
Event: 55.047 Thread 0x00000231201e8f10 36938 %     4       net.minecraft.server.level.ServerChunkCache::m_8490_ @ 197 (531 bytes)
Event: 55.055 Thread 0x0000023173839960 nmethod 36936 0x0000023112bd2a10 code [0x0000023112bd3140, 0x0000023112bd7480]
Event: 55.055 Thread 0x0000023173839960 36939       4       net.minecraft.world.entity.ai.control.MoveControl::m_8126_ (562 bytes)
Event: 55.066 Thread 0x0000023173839960 nmethod 36939 0x000002311285af90 code [0x000002311285b400, 0x000002311285c6d0]
Event: 55.098 Thread 0x00000231201e9ad0 36940       3       net.minecraft.world.entity.ai.util.HoverRandomPos$$Lambda/0x000002312392c6c0::get (40 bytes)
Event: 55.099 Thread 0x00000231201e9ad0 nmethod 36940 0x000002310b4ac710 code [0x000002310b4ac8c0, 0x000002310b4aca38]
Event: 55.099 Thread 0x00000231201e9ad0 36941       3       net.minecraft.world.entity.ai.util.HoverRandomPos::m_148474_ (105 bytes)
Event: 55.100 Thread 0x00000231201e9ad0 nmethod 36941 0x000002310a302d90 code [0x000002310a303180, 0x000002310a305948]
Event: 55.135 Thread 0x00000231201e8f10 nmethod 36938% 0x000002311195ba90 code [0x000002311195c160, 0x0000023111960c88]
Event: 55.146 Thread 0x00000231201e8f10 36942       4       net.minecraft.world.entity.LivingEntity::m_6075_ (532 bytes)
Event: 55.147 Thread 0x0000023173839960 36943       4       net.minecraft.world.level.lighting.DataLayerStorageMap::m_75524_ (31 bytes)
Event: 55.157 Thread 0x0000023173839960 nmethod 36943 0x0000023111e80e10 code [0x0000023111e81080, 0x0000023111e81f68]
Event: 55.188 Thread 0x0000023173839960 36944       4       net.minecraft.server.level.ServerChunkCache::m_8490_ (531 bytes)
Event: 55.189 Thread 0x00000231201e9ad0 36946       3       it.unimi.dsi.fastutil.longs.Long2FloatLinkedOpenHashMap::get (119 bytes)
Event: 55.189 Thread 0x00000231201e9ad0 nmethod 36946 0x000002310b5d0810 code [0x000002310b5d0a20, 0x000002310b5d0f60]
Event: 55.189 Thread 0x00000231201e9ad0 36945       3       net.minecraft.world.level.biome.Biome::m_47505_ (72 bytes)
Event: 55.190 Thread 0x00000231201e9ad0 nmethod 36945 0x000002310b759110 code [0x000002310b759340, 0x000002310b759dc8]
Event: 55.197 Thread 0x00000231201e9ad0 36948       3       net.minecraft.advancements.critereon.EntityPredicate::m_36607_ (348 bytes)

GC Heap History (20 events):
Event: 35.557 GC heap before
{Heap before GC invocations=76 (full 0):
 garbage-first heap   total 2015232K, used 1306597K [0x0000000702800000, 0x0000000800000000)
  region size 2048K, 235 young (481280K), 48 survivors (98304K)
 Metaspace       used 164189K, committed 166272K, reserved 1245184K
  class space    used 24662K, committed 25600K, reserved 1048576K
}
Event: 35.583 GC heap after
{Heap after GC invocations=77 (full 0):
 garbage-first heap   total 2015232K, used 938439K [0x0000000702800000, 0x0000000800000000)
  region size 2048K, 36 young (73728K), 36 survivors (73728K)
 Metaspace       used 164189K, committed 166272K, reserved 1245184K
  class space    used 24662K, committed 25600K, reserved 1048576K
}
Event: 41.504 GC heap before
{Heap before GC invocations=78 (full 0):
 garbage-first heap   total 2015232K, used 1843655K [0x0000000702800000, 0x0000000800000000)
  region size 2048K, 475 young (972800K), 36 survivors (73728K)
 Metaspace       used 165670K, committed 167744K, reserved 1245184K
  class space    used 24747K, committed 25664K, reserved 1048576K
}
Event: 41.527 GC heap after
{Heap after GC invocations=79 (full 0):
 garbage-first heap   total 2015232K, used 994007K [0x0000000702800000, 0x0000000800000000)
  region size 2048K, 55 young (112640K), 55 survivors (112640K)
 Metaspace       used 165670K, committed 167744K, reserved 1245184K
  class space    used 24747K, committed 25664K, reserved 1048576K
}
Event: 44.172 GC heap before
{Heap before GC invocations=79 (full 0):
 garbage-first heap   total 2015232K, used 1819351K [0x0000000702800000, 0x0000000800000000)
  region size 2048K, 448 young (917504K), 55 survivors (112640K)
 Metaspace       used 167236K, committed 169280K, reserved 1245184K
  class space    used 24930K, committed 25856K, reserved 1048576K
}
Event: 44.196 GC heap after
{Heap after GC invocations=80 (full 0):
 garbage-first heap   total 2015232K, used 993826K [0x0000000702800000, 0x0000000800000000)
  region size 2048K, 32 young (65536K), 32 survivors (65536K)
 Metaspace       used 167236K, committed 169280K, reserved 1245184K
  class space    used 24930K, committed 25856K, reserved 1048576K
}
Event: 44.646 GC heap before
{Heap before GC invocations=80 (full 0):
 garbage-first heap   total 2015232K, used 1534498K [0x0000000702800000, 0x0000000800000000)
  region size 2048K, 298 young (610304K), 32 survivors (65536K)
 Metaspace       used 167271K, committed 169344K, reserved 1245184K
  class space    used 24930K, committed 25856K, reserved 1048576K
}
Event: 44.659 GC heap after
{Heap after GC invocations=81 (full 0):
 garbage-first heap   total 2015232K, used 985077K [0x0000000702800000, 0x0000000800000000)
  region size 2048K, 24 young (49152K), 24 survivors (49152K)
 Metaspace       used 167271K, committed 169344K, reserved 1245184K
  class space    used 24930K, committed 25856K, reserved 1048576K
}
Event: 45.381 GC heap before
{Heap before GC invocations=82 (full 0):
 garbage-first heap   total 2242560K, used 1857525K [0x0000000702800000, 0x0000000800000000)
  region size 2048K, 446 young (913408K), 24 survivors (49152K)
 Metaspace       used 169109K, committed 171200K, reserved 1245184K
  class space    used 25250K, committed 26176K, reserved 1048576K
}
Event: 45.391 GC heap after
{Heap after GC invocations=83 (full 0):
 garbage-first heap   total 2242560K, used 996341K [0x0000000702800000, 0x0000000800000000)
  region size 2048K, 27 young (55296K), 27 survivors (55296K)
 Metaspace       used 169109K, committed 171200K, reserved 1245184K
  class space    used 25250K, committed 26176K, reserved 1048576K
}
Event: 46.117 GC heap before
{Heap before GC invocations=83 (full 0):
 garbage-first heap   total 2242560K, used 2040821K [0x0000000702800000, 0x0000000800000000)
  region size 2048K, 536 young (1097728K), 27 survivors (55296K)
 Metaspace       used 169155K, committed 171264K, reserved 1245184K
  class space    used 25250K, committed 26176K, reserved 1048576K
}
Event: 46.129 GC heap after
{Heap after GC invocations=84 (full 0):
 garbage-first heap   total 2242560K, used 997481K [0x0000000702800000, 0x0000000800000000)
  region size 2048K, 30 young (61440K), 30 survivors (61440K)
 Metaspace       used 169155K, committed 171264K, reserved 1245184K
  class space    used 25250K, committed 26176K, reserved 1048576K
}
Event: 47.025 GC heap before
{Heap before GC invocations=84 (full 0):
 garbage-first heap   total 2242560K, used 2064489K [0x0000000702800000, 0x0000000800000000)
  region size 2048K, 551 young (1128448K), 30 survivors (61440K)
 Metaspace       used 169227K, committed 171328K, reserved 1245184K
  class space    used 25250K, committed 26176K, reserved 1048576K
}
Event: 47.038 GC heap after
{Heap after GC invocations=85 (full 0):
 garbage-first heap   total 2242560K, used 963979K [0x0000000702800000, 0x0000000800000000)
  region size 2048K, 33 young (67584K), 33 survivors (67584K)
 Metaspace       used 169227K, committed 171328K, reserved 1245184K
  class space    used 25250K, committed 26176K, reserved 1048576K
}
Event: 47.817 GC heap before
{Heap before GC invocations=85 (full 0):
 garbage-first heap   total 2242560K, used 2055563K [0x0000000702800000, 0x0000000800000000)
  region size 2048K, 568 young (1163264K), 33 survivors (67584K)
 Metaspace       used 169247K, committed 171328K, reserved 1245184K
  class space    used 25250K, committed 26176K, reserved 1048576K
}
Event: 47.830 GC heap after
{Heap after GC invocations=86 (full 0):
 garbage-first heap   total 2242560K, used 971224K [0x0000000702800000, 0x0000000800000000)
  region size 2048K, 36 young (73728K), 36 survivors (73728K)
 Metaspace       used 169247K, committed 171328K, reserved 1245184K
  class space    used 25250K, committed 26176K, reserved 1048576K
}
Event: 49.700 GC heap before
{Heap before GC invocations=87 (full 0):
 garbage-first heap   total 2242560K, used 2075096K [0x0000000702800000, 0x0000000800000000)
  region size 2048K, 564 young (1155072K), 36 survivors (73728K)
 Metaspace       used 170989K, committed 173056K, reserved 1245184K
  class space    used 25446K, committed 26368K, reserved 1048576K
}
Event: 49.729 GC heap after
{Heap after GC invocations=88 (full 0):
 garbage-first heap   total 2242560K, used 983512K [0x0000000702800000, 0x0000000800000000)
  region size 2048K, 44 young (90112K), 44 survivors (90112K)
 Metaspace       used 170989K, committed 173056K, reserved 1245184K
  class space    used 25446K, committed 26368K, reserved 1048576K
}
Event: 50.831 GC heap before
{Heap before GC invocations=88 (full 0):
 garbage-first heap   total 2242560K, used 2034136K [0x0000000702800000, 0x0000000800000000)
  region size 2048K, 558 young (1142784K), 44 survivors (90112K)
 Metaspace       used 171145K, committed 173248K, reserved 1245184K
  class space    used 25453K, committed 26368K, reserved 1048576K
}
Event: 50.853 GC heap after
{Heap after GC invocations=89 (full 0):
 garbage-first heap   total 2242560K, used 976249K [0x0000000702800000, 0x0000000800000000)
  region size 2048K, 35 young (71680K), 35 survivors (71680K)
 Metaspace       used 171145K, committed 173248K, reserved 1245184K
  class space    used 25453K, committed 26368K, reserved 1048576K
}

Dll operation events (15 events):
Event: 0.005 Loaded shared library C:\Program Files\Java\jdk-21\bin\java.dll
Event: 0.025 Loaded shared library C:\Program Files\Java\jdk-21\bin\jsvml.dll
Event: 0.042 Loaded shared library C:\Program Files\Java\jdk-21\bin\net.dll
Event: 0.043 Loaded shared library C:\Program Files\Java\jdk-21\bin\nio.dll
Event: 0.046 Loaded shared library C:\Program Files\Java\jdk-21\bin\zip.dll
Event: 0.092 Loaded shared library C:\Program Files\Java\jdk-21\bin\jimage.dll
Event: 0.193 Loaded shared library C:\Program Files\Java\jdk-21\bin\verify.dll
Event: 1.305 Loaded shared library C:\Program Files\Java\jdk-21\bin\management.dll
Event: 1.307 Loaded shared library C:\Program Files\Java\jdk-21\bin\management_ext.dll
Event: 4.846 Loaded shared library C:\Users\nnjkb\AppData\Local\Temp\jna-104969601\jna5646229023229847295.dll
Event: 12.453 Loaded shared library C:\Program Files\Java\jdk-21\bin\sunmscapi.dll
Event: 12.491 Loaded shared library C:\Program Files\Java\jdk-21\bin\extnet.dll
Event: 18.609 Loaded shared library C:\Program Files\Java\jdk-21\bin\awt.dll
Event: 18.912 Loaded shared library C:\Program Files\Java\jdk-21\bin\freetype.dll
Event: 18.914 Loaded shared library C:\Program Files\Java\jdk-21\bin\fontmanager.dll

Deoptimization events (20 events):
Event: 54.702 Thread 0x000002316d4f5390 DEOPT PACKING pc=0x0000023112b99380 sp=0x000000426660e720
Event: 54.702 Thread 0x000002316d4f5390 DEOPT UNPACKING pc=0x0000023110d646a2 sp=0x000000426660e688 mode 2
Event: 54.749 Thread 0x000002316d4f5390 Uncommon trap: trap_request=0xffffffde fr.pc=0x0000023112b99380 relative=0x0000000000003240
Event: 54.749 Thread 0x000002316d4f5390 Uncommon trap: reason=class_check action=maybe_recompile pc=0x0000023112b99380 method=net.minecraft.world.entity.LivingEntity.m_7023_(Lnet/minecraft/world/phys/Vec3;)V @ 151 c2
Event: 54.749 Thread 0x000002316d4f5390 DEOPT PACKING pc=0x0000023112b99380 sp=0x000000426660e720
Event: 54.749 Thread 0x000002316d4f5390 DEOPT UNPACKING pc=0x0000023110d646a2 sp=0x000000426660e688 mode 2
Event: 54.795 Thread 0x000002316d4f5390 Uncommon trap: trap_request=0xffffffde fr.pc=0x0000023112b99380 relative=0x0000000000003240
Event: 54.795 Thread 0x000002316d4f5390 Uncommon trap: reason=class_check action=maybe_recompile pc=0x0000023112b99380 method=net.minecraft.world.entity.LivingEntity.m_7023_(Lnet/minecraft/world/phys/Vec3;)V @ 151 c2
Event: 54.795 Thread 0x000002316d4f5390 DEOPT PACKING pc=0x0000023112b99380 sp=0x000000426660e720
Event: 54.795 Thread 0x000002316d4f5390 DEOPT UNPACKING pc=0x0000023110d646a2 sp=0x000000426660e688 mode 2
Event: 54.888 Thread 0x000002316d4f5390 Uncommon trap: trap_request=0xffffff76 fr.pc=0x00000231114b1890 relative=0x00000000000002b0
Event: 54.888 Thread 0x000002316d4f5390 Uncommon trap: reason=predicate action=maybe_recompile pc=0x00000231114b1890 method=it.unimi.dsi.fastutil.objects.Object2IntOpenHashMap.getInt(Ljava/lang/Object;)I @ 92 c2
Event: 54.888 Thread 0x000002316d4f5390 DEOPT PACKING pc=0x00000231114b1890 sp=0x000000426660e810
Event: 54.888 Thread 0x000002316d4f5390 DEOPT UNPACKING pc=0x0000023110d646a2 sp=0x000000426660e7a8 mode 2
Event: 54.889 Thread 0x000002316d4f5390 Uncommon trap: trap_request=0xffffff45 fr.pc=0x0000023111cda520 relative=0x00000000000001e0
Event: 54.889 Thread 0x000002316d4f5390 Uncommon trap: reason=unstable_if action=reinterpret pc=0x0000023111cda520 method=it.unimi.dsi.fastutil.longs.Long2FloatLinkedOpenHashMap.get(J)F @ 108 c2
Event: 54.889 Thread 0x000002316d4f5390 DEOPT PACKING pc=0x0000023111cda520 sp=0x000000426660e8e0
Event: 54.889 Thread 0x000002316d4f5390 DEOPT UNPACKING pc=0x0000023110d646a2 sp=0x000000426660e870 mode 2
Event: 55.188 Thread 0x000002316d4f5390 DEOPT PACKING pc=0x000002310b33203a sp=0x000000426660eae0
Event: 55.188 Thread 0x000002316d4f5390 DEOPT UNPACKING pc=0x0000023110d64e42 sp=0x000000426660e058 mode 0

Classes loaded (20 events):
Event: 43.507 Loading class java/util/concurrent/ConcurrentLinkedDeque$AbstractItr done
Event: 43.507 Loading class java/util/concurrent/ConcurrentLinkedDeque$Itr done
Event: 43.553 Loading class java/util/concurrent/CompletableFuture$DelayedExecutor
Event: 43.553 Loading class java/util/concurrent/CompletableFuture$DelayedExecutor done
Event: 43.553 Loading class java/util/concurrent/CompletableFuture$TaskSubmitter
Event: 43.553 Loading class java/util/concurrent/CompletableFuture$TaskSubmitter done
Event: 43.553 Loading class java/util/concurrent/CompletableFuture$Delayer
Event: 43.553 Loading class java/util/concurrent/CompletableFuture$Delayer done
Event: 43.554 Loading class java/util/concurrent/CompletableFuture$Delayer$DaemonThreadFactory
Event: 43.554 Loading class java/util/concurrent/CompletableFuture$Delayer$DaemonThreadFactory done
Event: 44.692 Loading class sun/nio/ch/SocketAdaptor
Event: 44.692 Loading class sun/nio/ch/SocketAdaptor done
Event: 48.267 Loading class java/util/IdentityHashMap$EntrySpliterator
Event: 48.267 Loading class java/util/IdentityHashMap$EntrySpliterator done
Event: 48.509 Loading class sun/net/www/protocol/http/HttpURLConnection$7
Event: 48.509 Loading class sun/net/www/protocol/http/HttpURLConnection$7 done
Event: 48.760 Loading class sun/net/www/protocol/http/EmptyInputStream
Event: 48.760 Loading class sun/net/www/protocol/http/EmptyInputStream done
Event: 54.095 Loading class java/nio/channels/Channels$ReadableByteChannelImpl
Event: 54.095 Loading class java/nio/channels/Channels$ReadableByteChannelImpl done

Classes unloaded (20 events):
Event: 27.674 Thread 0x00000231200427b0 Unloading class 0x0000023123789400 'java/lang/invoke/LambdaForm$DMH+0x0000023123789400'
Event: 27.674 Thread 0x00000231200427b0 Unloading class 0x0000023123789000 'java/lang/invoke/LambdaForm$DMH+0x0000023123789000'
Event: 27.674 Thread 0x00000231200427b0 Unloading class 0x0000023123788c00 'java/lang/invoke/LambdaForm$DMH+0x0000023123788c00'
Event: 27.674 Thread 0x00000231200427b0 Unloading class 0x0000023123788800 'java/lang/invoke/LambdaForm$DMH+0x0000023123788800'
Event: 27.674 Thread 0x00000231200427b0 Unloading class 0x0000023123788400 'java/lang/invoke/LambdaForm$DMH+0x0000023123788400'
Event: 27.674 Thread 0x00000231200427b0 Unloading class 0x0000023123783c00 'java/lang/invoke/LambdaForm$DMH+0x0000023123783c00'
Event: 27.674 Thread 0x00000231200427b0 Unloading class 0x0000023123788000 'java/lang/invoke/LambdaForm$DMH+0x0000023123788000'
Event: 27.674 Thread 0x00000231200427b0 Unloading class 0x0000023123783800 'java/lang/invoke/LambdaForm$DMH+0x0000023123783800'
Event: 27.674 Thread 0x00000231200427b0 Unloading class 0x0000023123783400 'java/lang/invoke/LambdaForm$DMH+0x0000023123783400'
Event: 27.674 Thread 0x00000231200427b0 Unloading class 0x0000023123783000 'java/lang/invoke/LambdaForm$DMH+0x0000023123783000'
Event: 27.674 Thread 0x00000231200427b0 Unloading class 0x0000023123782800 'java/lang/invoke/LambdaForm$DMH+0x0000023123782800'
Event: 27.674 Thread 0x00000231200427b0 Unloading class 0x0000023123782400 'java/lang/invoke/LambdaForm$DMH+0x0000023123782400'
Event: 27.674 Thread 0x00000231200427b0 Unloading class 0x0000023123782000 'java/lang/invoke/LambdaForm$DMH+0x0000023123782000'
Event: 27.674 Thread 0x00000231200427b0 Unloading class 0x0000023123781c00 'java/lang/invoke/LambdaForm$DMH+0x0000023123781c00'
Event: 27.674 Thread 0x00000231200427b0 Unloading class 0x0000023123781400 'java/lang/invoke/LambdaForm$DMH+0x0000023123781400'
Event: 27.674 Thread 0x00000231200427b0 Unloading class 0x0000023123781800 'java/lang/invoke/LambdaForm$DMH+0x0000023123781800'
Event: 27.674 Thread 0x00000231200427b0 Unloading class 0x0000023123780c00 'java/lang/invoke/LambdaForm$DMH+0x0000023123780c00'
Event: 27.674 Thread 0x00000231200427b0 Unloading class 0x0000023123781000 'java/lang/invoke/LambdaForm$DMH+0x0000023123781000'
Event: 27.674 Thread 0x00000231200427b0 Unloading class 0x0000023123780800 'java/lang/invoke/LambdaForm$DMH+0x0000023123780800'
Event: 27.674 Thread 0x00000231200427b0 Unloading class 0x0000023123780400 'java/lang/invoke/LambdaForm$DMH+0x0000023123780400'

Classes redefined (0 events):
No events

Internal exceptions (20 events):
Event: 51.447 Thread 0x000002316dc3dee0 Exception <a 'sun/nio/fs/WindowsException'{0x0000000766706478}> (0x0000000766706478) 
thrown [s\open\src\hotspot\share\prims\jni.cpp, line 520]
Event: 51.448 Thread 0x000002316dc3dee0 Exception <a 'sun/nio/fs/WindowsException'{0x000000076670bad8}> (0x000000076670bad8) 
thrown [s\open\src\hotspot\share\prims\jni.cpp, line 520]
Event: 51.450 Thread 0x0000023166878aa0 Exception <a 'sun/nio/fs/WindowsException'{0x0000000766102fc0}> (0x0000000766102fc0) 
thrown [s\open\src\hotspot\share\prims\jni.cpp, line 520]
Event: 51.451 Thread 0x000002316dc3dee0 Exception <a 'sun/nio/fs/WindowsException'{0x0000000766108830}> (0x0000000766108830) 
thrown [s\open\src\hotspot\share\prims\jni.cpp, line 520]
Event: 51.452 Thread 0x0000023166878aa0 Exception <a 'sun/nio/fs/WindowsException'{0x00000007661048f8}> (0x00000007661048f8) 
thrown [s\open\src\hotspot\share\prims\jni.cpp, line 520]
Event: 51.453 Thread 0x000002316dc3dee0 Exception <a 'sun/nio/fs/WindowsException'{0x000000076610df98}> (0x000000076610df98) 
thrown [s\open\src\hotspot\share\prims\jni.cpp, line 520]
Event: 51.454 Thread 0x0000023166878aa0 Exception <a 'sun/nio/fs/WindowsException'{0x000000076611e520}> (0x000000076611e520) 
thrown [s\open\src\hotspot\share\prims\jni.cpp, line 520]
Event: 51.456 Thread 0x000002316dc3dee0 Exception <a 'sun/nio/fs/WindowsException'{0x0000000766113ac0}> (0x0000000766113ac0) 
thrown [s\open\src\hotspot\share\prims\jni.cpp, line 520]
Event: 51.457 Thread 0x0000023166878aa0 Exception <a 'sun/nio/fs/WindowsException'{0x0000000766120058}> (0x0000000766120058) 
thrown [s\open\src\hotspot\share\prims\jni.cpp, line 520]
Event: 51.458 Thread 0x000002316dc3dee0 Exception <a 'sun/nio/fs/WindowsException'{0x0000000766128710}> (0x0000000766128710) 
thrown [s\open\src\hotspot\share\prims\jni.cpp, line 520]
Event: 51.460 Thread 0x0000023166878aa0 Exception <a 'sun/nio/fs/WindowsException'{0x000000076613c108}> (0x000000076613c108) 
thrown [s\open\src\hotspot\share\prims\jni.cpp, line 520]
Event: 52.198 Thread 0x000002316dc3dee0 Exception <a 'sun/nio/fs/WindowsException'{0x000000076612e090}> (0x000000076612e090) 
thrown [s\open\src\hotspot\share\prims\jni.cpp, line 520]
Event: 52.948 Thread 0x000002316dc3dee0 Exception <a 'sun/nio/fs/WindowsException'{0x00000007661339f8}> (0x00000007661339f8) 
thrown [s\open\src\hotspot\share\prims\jni.cpp, line 520]
Event: 52.950 Thread 0x000002316dc3dee0 Exception <a 'sun/nio/fs/WindowsException'{0x0000000762402f60}> (0x0000000762402f60) 
thrown [s\open\src\hotspot\share\prims\jni.cpp, line 520]
Event: 53.291 Thread 0x0000023166878aa0 Exception <a 'sun/nio/fs/WindowsException'{0x000000076613de08}> (0x000000076613de08) 
thrown [s\open\src\hotspot\share\prims\jni.cpp, line 520]
Event: 53.401 Thread 0x0000023166878aa0 Exception <a 'sun/nio/fs/WindowsException'{0x0000000761905310}> (0x0000000761905310) 
thrown [s\open\src\hotspot\share\prims\jni.cpp, line 520]
Event: 53.591 Thread 0x000002316d4f5390 Exception <a 'java/lang/NoSuchMethodError'{0x00000007611be360}: 'void java.lang.invoke.DirectMethodHandle$Holder.invokeStatic(java.lang.Object, java.lang.Object, java.lang.Object, java.lang.Object, int)'> (0x00000007611be360) 
thrown [s\open\src\hotspot\share\interpreter\linkResolver.cpp, line 773]
Event: 53.651 Thread 0x0000023166878aa0 Exception <a 'sun/nio/fs/WindowsException'{0x0000000761906be0}> (0x0000000761906be0) 
thrown [s\open\src\hotspot\share\prims\jni.cpp, line 520]
Event: 53.698 Thread 0x0000023166878aa0 Exception <a 'sun/nio/fs/WindowsException'{0x0000000760b05890}> (0x0000000760b05890) 
thrown [s\open\src\hotspot\share\prims\jni.cpp, line 520]
Event: 54.891 Thread 0x0000023166878aa0 Exception <a 'sun/nio/fs/WindowsException'{0x000000075e602f80}> (0x000000075e602f80) 
thrown [s\open\src\hotspot\share\prims\jni.cpp, line 520]

ZGC Phase Switch (0 events):
No events

VM Operations (20 events):
Event: 49.228 Executing VM operation: ICBufferFull done
Event: 49.700 Executing VM operation: G1CollectForAllocation (G1 Evacuation Pause)
Event: 49.729 Executing VM operation: G1CollectForAllocation (G1 Evacuation Pause) done
Event: 49.852 Executing VM operation: HandshakeAllThreads (Deoptimize)
Event: 49.852 Executing VM operation: HandshakeAllThreads (Deoptimize) done
Event: 50.046 Executing VM operation: ICBufferFull
Event: 50.046 Executing VM operation: ICBufferFull done
Event: 50.706 Executing VM operation: ICBufferFull
Event: 50.706 Executing VM operation: ICBufferFull done
Event: 50.830 Executing VM operation: G1CollectForAllocation (G1 Evacuation Pause)
Event: 50.854 Executing VM operation: G1CollectForAllocation (G1 Evacuation Pause) done
Event: 51.864 Executing VM operation: Cleanup
Event: 51.865 Executing VM operation: Cleanup done
Event: 52.878 Executing VM operation: Cleanup
Event: 52.879 Executing VM operation: Cleanup done
Event: 53.883 Executing VM operation: Cleanup
Event: 53.883 Executing VM operation: Cleanup done
Event: 54.887 Executing VM operation: Cleanup
Event: 54.888 Executing VM operation: Cleanup done
Event: 55.895 Executing VM operation: Cleanup

Events (20 events):
Event: 48.132 Thread 0x00000231200427b0 flushing nmethod 0x000002310bb95810
Event: 48.132 Thread 0x00000231200427b0 flushing nmethod 0x000002310bb97890
Event: 48.132 Thread 0x00000231200427b0 flushing nmethod 0x000002310bb98210
Event: 48.132 Thread 0x00000231200427b0 flushing nmethod 0x000002310bc50610
Event: 48.132 Thread 0x00000231200427b0 flushing nmethod 0x000002310bc51c90
Event: 48.132 Thread 0x00000231200427b0 flushing nmethod 0x000002310bc54c10
Event: 48.132 Thread 0x00000231200427b0 flushing nmethod 0x000002310bc58210
Event: 48.132 Thread 0x00000231200427b0 flushing nmethod 0x000002310bc59410
Event: 48.216 Thread 0x00000231203c74f0 Thread added: 0x00000231203c74f0
Event: 48.231 Thread 0x0000023169b5be30 Thread added: 0x0000023169b5be30
Event: 48.622 Thread 0x0000023166b2a090 Thread added: 0x0000023166b2a090
Event: 48.632 Thread 0x0000023166b2a090 Thread exited: 0x0000023166b2a090
Event: 48.760 Thread 0x0000023167a59080 Thread added: 0x0000023167a59080
Event: 51.366 Thread 0x0000023169b5be30 Thread exited: 0x0000023169b5be30
Event: 52.100 Thread 0x00000231203c74f0 Thread exited: 0x00000231203c74f0
Event: 52.157 Thread 0x000002316a22a260 Thread added: 0x000002316a22a260
Event: 52.537 Thread 0x000002316a22a260 Thread exited: 0x000002316a22a260
Event: 54.093 Thread 0x0000023173839290 Thread added: 0x0000023173839290
Event: 54.199 Thread 0x0000023173839290 Thread exited: 0x0000023173839290
Event: 54.881 Thread 0x0000023173839960 Thread added: 0x0000023173839960


Dynamic libraries:
0x00007ff6d08b0000 - 0x00007ff6d08c0000 	C:\Program Files\Java\jdk-21\bin\java.exe
0x00007ffcaecc0000 - 0x00007ffcaef27000 	C:\WINDOWS\SYSTEM32\ntdll.dll
0x00007ffcad7a0000 - 0x00007ffcad869000 	C:\WINDOWS\System32\KERNEL32.DLL
0x00007ffcab7a0000 - 0x00007ffcabb97000 	C:\WINDOWS\System32\KERNELBASE.dll
0x00007ffcabd80000 - 0x00007ffcabecb000 	C:\WINDOWS\System32\ucrtbase.dll
0x00007ffc88110000 - 0x00007ffc88129000 	C:\Program Files\Java\jdk-21\bin\jli.dll
0x00007ffc7c720000 - 0x00007ffc7c73b000 	C:\Program Files\Java\jdk-21\bin\VCRUNTIME140.dll
0x00007ffcacc90000 - 0x00007ffcacd46000 	C:\WINDOWS\System32\ADVAPI32.dll
0x00007ffcadfb0000 - 0x00007ffcae059000 	C:\WINDOWS\System32\msvcrt.dll
0x00007ffcad870000 - 0x00007ffcad917000 	C:\WINDOWS\System32\sechost.dll
0x00007ffcaca40000 - 0x00007ffcacb58000 	C:\WINDOWS\System32\RPCRT4.dll
0x00007ffcad9c0000 - 0x00007ffcadb86000 	C:\WINDOWS\System32\USER32.dll
0x00007ffc91150000 - 0x00007ffc913e2000 	C:\WINDOWS\WinSxS\amd64_microsoft.windows.common-controls_6595b64144ccf1df_6.0.26100.8328_none_3e08182ce334b678\COMCTL32.dll
0x00007ffcac8c0000 - 0x00007ffcac8e7000 	C:\WINDOWS\System32\win32u.dll
0x00007ffcacfa0000 - 0x00007ffcacfcb000 	C:\WINDOWS\System32\GDI32.dll
0x00007ffcabba0000 - 0x00007ffcabccc000 	C:\WINDOWS\System32\gdi32full.dll
0x00007ffcab6f0000 - 0x00007ffcab793000 	C:\WINDOWS\System32\msvcp_win.dll
0x00007ffca5150000 - 0x00007ffca515b000 	C:\WINDOWS\SYSTEM32\VERSION.dll
0x00007ffcadf60000 - 0x00007ffcadf92000 	C:\WINDOWS\System32\IMM32.DLL
0x00007ffc8f630000 - 0x00007ffc8f722000 	C:\Program Files\Windhawk\Engine\1.7.3\64\windhawk.dll
0x00007ffc967b0000 - 0x00007ffc967bc000 	C:\Program Files\Java\jdk-21\bin\vcruntime140_1.dll
0x00007ffc2f0f0000 - 0x00007ffc2f17e000 	C:\Program Files\Java\jdk-21\bin\msvcp140.dll
0x00007ffbee2a0000 - 0x00007ffbeefbd000 	C:\Program Files\Java\jdk-21\bin\server\jvm.dll
0x00007ffcad090000 - 0x00007ffcad110000 	C:\WINDOWS\System32\WS2_32.dll
0x00007ffcaafe0000 - 0x00007ffcab03e000 	C:\WINDOWS\SYSTEM32\POWRPROF.dll
0x00007ffc9e440000 - 0x00007ffc9e476000 	C:\WINDOWS\SYSTEM32\WINMM.dll
0x00007ffcaafc0000 - 0x00007ffcaafd4000 	C:\WINDOWS\SYSTEM32\UMPDC.dll
0x00007ffcaa480000 - 0x00007ffcaa49b000 	C:\WINDOWS\SYSTEM32\kernel.appcore.dll
0x00007ffc92660000 - 0x00007ffc9266a000 	C:\Program Files\Java\jdk-21\bin\jimage.dll
0x00007ffca9350000 - 0x00007ffca9592000 	C:\WINDOWS\SYSTEM32\DBGHELP.DLL
0x00007ffcad410000 - 0x00007ffcad793000 	C:\WINDOWS\System32\combase.dll
0x00007ffcacbb0000 - 0x00007ffcacc89000 	C:\WINDOWS\System32\OLEAUT32.dll
0x00007ffc8aa10000 - 0x00007ffc8aa4b000 	C:\WINDOWS\SYSTEM32\dbgcore.DLL
0x00007ffcabcd0000 - 0x00007ffcabd78000 	C:\WINDOWS\System32\bcryptPrimitives.dll
0x00007ffc7c060000 - 0x00007ffc7c07f000 	C:\Program Files\Java\jdk-21\bin\java.dll
0x00007ffcae060000 - 0x00007ffcae7ce000 	C:\WINDOWS\System32\SHELL32.dll
0x00007ffcac050000 - 0x00007ffcac8bc000 	C:\WINDOWS\System32\windows.storage.dll
0x00007ffcad120000 - 0x00007ffcad216000 	C:\WINDOWS\System32\SHCORE.dll
0x00007ffcad3a0000 - 0x00007ffcad406000 	C:\WINDOWS\System32\shlwapi.dll
0x00007ffcab610000 - 0x00007ffcab639000 	C:\WINDOWS\SYSTEM32\profapi.dll
0x00007ffc27c60000 - 0x00007ffc27d37000 	C:\Program Files\Java\jdk-21\bin\jsvml.dll
0x00007ffc921f0000 - 0x00007ffc92200000 	C:\Program Files\Java\jdk-21\bin\net.dll
0x00007ffca4810000 - 0x00007ffca4939000 	C:\WINDOWS\SYSTEM32\WINHTTP.dll
0x00007ffcaa9f0000 - 0x00007ffcaaa5c000 	C:\WINDOWS\system32\mswsock.dll
0x00007ffc799a0000 - 0x00007ffc799b6000 	C:\Program Files\Java\jdk-21\bin\nio.dll
0x00007ffc71f50000 - 0x00007ffc71f68000 	C:\Program Files\Java\jdk-21\bin\zip.dll
0x00007ffc8df80000 - 0x00007ffc8df90000 	C:\Program Files\Java\jdk-21\bin\verify.dll
0x00007ffc8c2c0000 - 0x00007ffc8c2ca000 	C:\Program Files\Java\jdk-21\bin\management.dll
0x00007ffc8b8c0000 - 0x00007ffc8b8cb000 	C:\Program Files\Java\jdk-21\bin\management_ext.dll
0x00007ffcae7e0000 - 0x00007ffcae7e8000 	C:\WINDOWS\System32\PSAPI.DLL
0x00007ffc7bb40000 - 0x00007ffc7bb58000 	C:\WINDOWS\system32\napinsp.dll
0x00007ffca9f20000 - 0x00007ffcaa052000 	C:\WINDOWS\SYSTEM32\DNSAPI.dll
0x00007ffca9e90000 - 0x00007ffca9ec2000 	C:\WINDOWS\SYSTEM32\IPHLPAPI.DLL
0x00007ffcad9b0000 - 0x00007ffcad9ba000 	C:\WINDOWS\System32\NSI.dll
0x00007ffc7bb20000 - 0x00007ffc7bb33000 	C:\WINDOWS\System32\winrnr.dll
0x00007ffc7b200000 - 0x00007ffc7b222000 	C:\WINDOWS\system32\nlansp_c.dll
0x00007ffc8ad40000 - 0x00007ffc8ad56000 	C:\WINDOWS\system32\wshbth.dll
0x00007ffc9e5b0000 - 0x00007ffc9e5bb000 	C:\Windows\System32\rasadhlp.dll
0x00007ffc9f1b0000 - 0x00007ffc9f236000 	C:\WINDOWS\System32\fwpuclnt.dll
0x00007ffcaacd0000 - 0x00007ffcaaceb000 	C:\WINDOWS\SYSTEM32\CRYPTSP.dll
0x00007ffcaa3e0000 - 0x00007ffcaa419000 	C:\WINDOWS\system32\rsaenh.dll
0x00007ffcaaaa0000 - 0x00007ffcaaad3000 	C:\WINDOWS\SYSTEM32\USERENV.dll
0x00007ffcab5e0000 - 0x00007ffcab60a000 	C:\WINDOWS\SYSTEM32\bcrypt.dll
0x00007ffcaacf0000 - 0x00007ffcaacfc000 	C:\WINDOWS\SYSTEM32\CRYPTBASE.dll
0x00007ffc4d2c0000 - 0x00007ffc4d300000 	C:\Users\nnjkb\AppData\Local\Temp\jna-104969601\jna5646229023229847295.dll
0x00007ffcacd50000 - 0x00007ffcacee7000 	C:\WINDOWS\System32\Ole32.dll
0x00007ffcacfd0000 - 0x00007ffcad07e000 	C:\WINDOWS\System32\clbcatq.dll
0x00007ffc8f5a0000 - 0x00007ffc8f5bd000 	C:\WINDOWS\SYSTEM32\amsi.dll
0x00007ffc8e9b0000 - 0x00007ffc8ea52000 	C:\ProgramData\Microsoft\Windows Defender\Platform\4.18.26030.3011-0\MpOav.dll
0x00007ffc90140000 - 0x00007ffc90196000 	C:\WINDOWS\SYSTEM32\Pdh.dll
0x00007ffc8ab60000 - 0x00007ffc8ab71000 	C:\WINDOWS\System32\perfos.dll
0x00007ffca6e40000 - 0x00007ffca6e52000 	C:\WINDOWS\SYSTEM32\pfclient.dll
0x00007ffca5dc0000 - 0x00007ffca5dce000 	C:\Program Files\Java\jdk-21\bin\sunmscapi.dll
0x00007ffcabed0000 - 0x00007ffcac048000 	C:\WINDOWS\System32\CRYPT32.dll
0x00007ffcaaf60000 - 0x00007ffcaaf90000 	C:\WINDOWS\SYSTEM32\ncrypt.dll
0x00007ffcaaf10000 - 0x00007ffcaaf4f000 	C:\WINDOWS\SYSTEM32\NTASN1.dll
0x00007ffc7a400000 - 0x00007ffc7a408000 	C:\WINDOWS\system32\wshunix.dll
0x00007ffc8abd0000 - 0x00007ffc8abd9000 	C:\Program Files\Java\jdk-21\bin\extnet.dll
0x00007ffc18750000 - 0x00007ffc188df000 	C:\Program Files\Java\jdk-21\bin\awt.dll
0x00007ffca8230000 - 0x00007ffca82d0000 	C:\WINDOWS\SYSTEM32\apphelp.dll
0x00007ffca8310000 - 0x00007ffca83ba000 	C:\WINDOWS\system32\uxtheme.dll
0x00007ffcade00000 - 0x00007ffcadf5c000 	C:\WINDOWS\System32\MSCTF.dll
0x00007ffca8410000 - 0x00007ffca843f000 	C:\WINDOWS\system32\DWMAPI.DLL
0x00007ffc6da00000 - 0x00007ffc6db0f000 	C:\WINDOWS\system32\opengl32.dll
0x00007ffc7a490000 - 0x00007ffc7a4bd000 	C:\WINDOWS\SYSTEM32\GLU32.dll
0x00007ffca8660000 - 0x00007ffca86a5000 	C:\WINDOWS\SYSTEM32\dxcore.dll
0x00007ffc4ebb0000 - 0x00007ffc4ed63000 	C:\WINDOWS\system32\d3d9.dll
0x00007ffca5160000 - 0x00007ffca5224000 	C:\WINDOWS\System32\DriverStore\FileRepository\nv_dispig.inf_amd64_f4c7a2fd13e0f763\nvldumdx.dll
0x00007ffcaae70000 - 0x00007ffcaae83000 	C:\WINDOWS\SYSTEM32\msasn1.dll
0x00007ffca4bf0000 - 0x00007ffca4c2b000 	C:\WINDOWS\SYSTEM32\cryptnet.dll
0x00007ffcaae00000 - 0x00007ffcaae6a000 	C:\WINDOWS\SYSTEM32\wldp.dll
0x00007ffca4a50000 - 0x00007ffca4bc8000 	C:\WINDOWS\SYSTEM32\drvstore.dll
0x00007ffcab350000 - 0x00007ffcab37d000 	C:\WINDOWS\SYSTEM32\devobj.dll
0x00007ffcab3a0000 - 0x00007ffcab3f1000 	C:\WINDOWS\SYSTEM32\cfgmgr32.dll
0x00007ffcac8f0000 - 0x00007ffcac972000 	C:\WINDOWS\System32\wintrust.dll
0x00007ffcacf70000 - 0x00007ffcacf90000 	C:\WINDOWS\System32\imagehlp.dll
0x00007ffc9f6c0000 - 0x00007ffca43bf000 	C:\WINDOWS\System32\DriverStore\FileRepository\nv_dispig.inf_amd64_f4c7a2fd13e0f763\nvgpucomp64.dll
0x00007ffc9e480000 - 0x00007ffc9e5b0000 	C:\WINDOWS\System32\DriverStore\FileRepository\nv_dispig.inf_amd64_f4c7a2fd13e0f763\NvMemMapStoragex.dll
0x00007ffc36e20000 - 0x00007ffc39143000 	C:\WINDOWS\System32\DriverStore\FileRepository\nv_dispig.inf_amd64_f4c7a2fd13e0f763\nvd3dumx.dll
0x00007ffca69b0000 - 0x00007ffca6a11000 	C:\WINDOWS\SYSTEM32\directxdatabasehelper.dll
0x00007ffc94d90000 - 0x00007ffc94ed7000 	C:\WINDOWS\system32\nvspcap64.dll
0x00007ffcaa5a0000 - 0x00007ffcaa5d6000 	C:\WINDOWS\SYSTEM32\ntmarta.dll
0x00007ffcaaa60000 - 0x00007ffcaaa8f000 	C:\WINDOWS\SYSTEM32\gpapi.dll
0x00007ffc88b70000 - 0x00007ffc88d27000 	C:\WINDOWS\System32\DriverStore\FileRepository\nv_dispig.inf_amd64_f4c7a2fd13e0f763\nvppex.dll
0x00007ffc27950000 - 0x00007ffc279d7000 	C:\Program Files\Java\jdk-21\bin\freetype.dll
0x00007ffc27600000 - 0x00007ffc276ea000 	C:\Program Files\Java\jdk-21\bin\fontmanager.dll
0x00007ffca70c0000 - 0x00007ffca72ed000 	C:\WINDOWS\SYSTEM32\WindowsCodecs.dll
0x00007ffc919a0000 - 0x00007ffc919fa000 	C:\WINDOWS\system32\dataexchange.dll
0x00007ffc9ec70000 - 0x00007ffc9eebd000 	C:\WINDOWS\system32\twinapi.appcore.dll
0x00007ffc90d90000 - 0x00007ffc90ed6000 	C:\WINDOWS\SYSTEM32\textinputframework.dll
0x00007ffca7e10000 - 0x00007ffca7f37000 	C:\WINDOWS\SYSTEM32\CoreMessaging.dll
0x00007ffca6120000 - 0x00007ffca6402000 	C:\WINDOWS\SYSTEM32\CoreUIComponents.dll
0x00007ffca5f50000 - 0x00007ffca60ba000 	C:\WINDOWS\SYSTEM32\wintypes.dll

dbghelp: loaded successfully - version: 4.0.5 - missing functions: none
symbol engine: initialized successfully - sym options: 0x614 - pdb path: .;C:\Program Files\Java\jdk-21\bin;C:\WINDOWS\SYSTEM32;C:\WINDOWS\WinSxS\amd64_microsoft.windows.common-controls_6595b64144ccf1df_6.0.26100.8328_none_3e08182ce334b678;C:\Program Files\Windhawk\Engine\1.7.3\64;C:\Program Files\Java\jdk-21\bin\server;C:\Users\nnjkb\AppData\Local\Temp\jna-104969601;C:\ProgramData\Microsoft\Windows Defender\Platform\4.18.26030.3011-0;C:\WINDOWS\System32\DriverStore\FileRepository\nv_dispig.inf_amd64_f4c7a2fd13e0f763

VM Arguments:
jvm_args: --module-path=libraries/cpw/mods/bootstraplauncher/1.1.2/bootstraplauncher-1.1.2.jar;libraries/cpw/mods/securejarhandler/2.1.10/securejarhandler-2.1.10.jar;libraries/org/ow2/asm/asm-commons/9.9.1/asm-commons-9.9.1.jar;libraries/org/ow2/asm/asm-util/9.9.1/asm-util-9.9.1.jar;libraries/org/ow2/asm/asm-analysis/9.9.1/asm-analysis-9.9.1.jar;libraries/org/ow2/asm/asm-tree/9.9.1/asm-tree-9.9.1.jar;libraries/org/ow2/asm/asm/9.9.1/asm-9.9.1.jar;libraries/net/minecraftforge/JarJarFileSystems/0.3.19/JarJarFileSystems-0.3.19.jar --add-modules=ALL-MODULE-PATH --add-opens=java.base/java.util.jar=cpw.mods.securejarhandler --add-opens=java.base/java.lang.invoke=cpw.mods.securejarhandler --add-exports=java.base/sun.security.util=cpw.mods.securejarhandler --add-exports=jdk.naming.dns/com.sun.jndi.dns=java.naming -Djava.net.preferIPv6Addresses=system -DignoreList=bootstraplauncher-1.1.2.jar,securejarhandler-2.1.10.jar,asm-commons-9.9.1.jar,asm-util-9.9.1.jar,asm-analysis-9.9.1.jar,asm-tree-9.9.1.jar,asm-9.9.1.jar,JarJarFileSystems-0.3.19.jar -DlibraryDirectory=libraries -DlegacyClassPath=libraries/cpw/mods/securejarhandler/2.1.10/securejarhandler-2.1.10.jar;libraries/org/ow2/asm/asm/9.9.1/asm-9.9.1.jar;libraries/org/ow2/asm/asm-commons/9.9.1/asm-commons-9.9.1.jar;libraries/org/ow2/asm/asm-tree/9.9.1/asm-tree-9.9.1.jar;libraries/org/ow2/asm/asm-util/9.9.1/asm-util-9.9.1.jar;libraries/org/ow2/asm/asm-analysis/9.9.1/asm-analysis-9.9.1.jar;libraries/net/minecraftforge/accesstransformers/8.0.4/accesstransformers-8.0.4.jar;libraries/org/antlr/antlr4-runtime/4.9.1/antlr4-runtime-4.9.1.jar;libraries/net/minecraftforge/eventbus/6.2.33/eventbus-6.2.33.jar;libraries/net/minecraftforge/forgespi/7.0.1/forgespi-7.0.1.jar;libraries/net/minecraftforge/coremods/5.2.4/coremods-5.2.4.jar;libraries/cpw/mods/modlauncher/10.0.9/modlauncher-10.0.9.jar;libraries/net/minecraftforge/unsafe/0.2.0/unsafe-0.2.0.jar;libraries/net/minecraftforge/mergetool/1.1.5/mergetool-1.1.5-api.jar;libraries/com/electronwill/night-config/core/3.6.4/core-3.6.4.jar;libraries/com/electronwill/night-config/toml/3.6.4/toml-3.6.4.jar;libraries/org/apache/maven/maven-artifact/3.8.5/maven-artifact-3.8.5.jar;libraries/net/jodah/typetools/0.6.3/typetools-0.6.3.jar;libraries/net/minecrell/terminalconsoleappender/1.2.0/terminalconsoleappender-1.2.0.jar;libraries/org/jline/jline-reader/3.12.1/jline-reader-3.12.1.jar;libraries/org/jline/jline-terminal/3.12.1/jline-terminal-3.12.1.jar;libraries/org/spongepowered/mixin/0.8.5/mixin-0.8.5.jar;libraries/org/openjdk/nashorn/nashorn-core/15.4/nashorn-core-15.4.jar;libraries/net/minecraftforge/JarJarSelector/0.3.19/JarJarSelector-0.3.19.jar;libraries/net/minecraftforge/JarJarMetadata/0.3.19/JarJarMetadata-0.3.19.jar;libraries/net/minecraftforge/fmlloader/1.20.1-47.4.20/fmlloader-1.20.1-47.4.20.jar;libraries/net/minecraft/server/1.20.1-20230612.114412/server-1.20.1-20230612.114412-extra.jar;libraries/com/github/oshi/oshi-core/6.2.2/oshi-core-6.2.2.jar;libraries/com/google/code/gson/gson/2.10/gson-2.10.jar;libraries/com/google/guava/failureaccess/1
java_command: cpw.mods.bootstraplauncher.BootstrapLauncher --launchTarget forgeserver --fml.forgeVersion 47.4.20 --fml.mcVersion 1.20.1 --fml.forgeGroup net.minecraftforge --fml.mcpVersion 20230612.114412
java_class_path (initial): .
Launcher Type: SUN_STANDARD

[Global flags]
     intx CICompilerCount                          = 4                                         {product} {ergonomic}
     uint ConcGCThreads                            = 3                                         {product} {ergonomic}
     uint G1ConcRefinementThreads                  = 10                                        {product} {ergonomic}
   size_t G1HeapRegionSize                         = 2097152                                   {product} {ergonomic}
    uintx GCDrainStackTargetSize                   = 64                                        {product} {ergonomic}
   size_t InitialHeapSize                          = 266338304                                 {product} {ergonomic}
   size_t MarkStackSize                            = 4194304                                   {product} {ergonomic}
   size_t MaxHeapSize                              = 4253024256                                {product} {ergonomic}
   size_t MaxNewSize                               = 2550136832                                {product} {ergonomic}
   size_t MinHeapDeltaBytes                        = 2097152                                   {product} {ergonomic}
   size_t MinHeapSize                              = 8388608                                   {product} {ergonomic}
    uintx NonNMethodCodeHeapSize                   = 5839372                                {pd product} {ergonomic}
    uintx NonProfiledCodeHeapSize                  = 122909434                              {pd product} {ergonomic}
    uintx ProfiledCodeHeapSize                     = 122909434                              {pd product} {ergonomic}
    uintx ReservedCodeCacheSize                    = 251658240                              {pd product} {ergonomic}
     bool SegmentedCodeCache                       = true                                      {product} {ergonomic}
   size_t SoftMaxHeapSize                          = 4253024256                             {manageable} {ergonomic}
     bool UseCompressedOops                        = true                           {product lp64_product} {ergonomic}
     bool UseG1GC                                  = true                                      {product} {ergonomic}
     bool UseLargePagesIndividualAllocation        = false                                  {pd product} {ergonomic}

Logging:
Log output configuration:
 #0: stdout all=warning uptime,level,tags foldmultilines=false
 #1: stderr all=off uptime,level,tags foldmultilines=false

Environment Variables:
PATH=C:\Program Files\Common Files\Oracle\Java\javapath;C:\WINDOWS\system32;C:\WINDOWS;C:\WINDOWS\System32\Wbem;C:\WINDOWS\System32\WindowsPowerShell\v1.0\;C:\WINDOWS\System32\OpenSSH\;C:\Program Files\NVIDIA Corporation\NVIDIA App\NvDLISR;C:\Program Files\dotnet\;C:\Program Files (x86)\NVIDIA Corporation\PhysX\Common;C:\Program Files\Nefarius Software Solutions\Nefarius VirtualPad Driver Runtime\runtime\x64;C:\MINECR\apache-maven-3.9.12\bin;C:\Program Files (x86)\ZeroTier\One\;C:\Program Files\Sunshine;C:\Program Files\Sunshine\tools;C:\Users\nnjkb\AppData\Local\Microsoft\WindowsApps;C:\Users\nnjkb\AppData\Local\Programs\Microsoft VS Code\bin;C:\MINECR\apache-maven-3.9.12\bin;C:\Users\nnjkb\AppData\Local\GitHubDesktop\bin
USERNAME=nnjkb
OS=Windows_NT
PROCESSOR_IDENTIFIER=Intel64 Family 6 Model 151 Stepping 5, GenuineIntel
TMP=C:\Users\nnjkb\AppData\Local\Temp
TEMP=C:\Users\nnjkb\AppData\Local\Temp




Periodic native trim disabled

---------------  S Y S T E M  ---------------

OS:
 Windows 11 , 64 bit Build 26100 (10.0.26100.8328)
OS uptime: 0 days 14:31 hours

CPU: total 12 (initial active 12) (6 cores per cpu, 2 threads per core) family 6 model 151 stepping 5 microcode 0x3a, cx8, cmov, fxsr, ht, mmx, 3dnowpref, sse, sse2, sse3, ssse3, sse4.1, sse4.2, popcnt, lzcnt, tsc, tscinvbit, avx, avx2, aes, erms, clmul, bmi1, bmi2, adx, sha, fma, vzeroupper, clflush, clflushopt, clwb, serialize, rdtscp, rdpid, fsrm, f16c, pku, cet_ibt, cet_ss
Processor Information for all 12 processors :
  Max Mhz: 2500, Current Mhz: 2500, Mhz Limit: 2500

Memory: 4k page, system-wide physical 16222M (961M free)
TotalPageFile size 33812M (AvailPageFile size 976M)
current process WorkingSet (physical memory assigned to process): 2728M, peak: 2742M
current process commit charge ("private bytes"): 2778M, peak: 2789M

vm_info: Java HotSpot(TM) 64-Bit Server VM (21.0.8+12-LTS-250) for windows-amd64 JRE (21.0.8+12-LTS-250), built on 2025-06-27T08:11:22Z by "mach5one" with MS VC++ 17.6 (VS2022)

END.
